"Season","Team","Inn","rSZ","rCERA","rSB","rGDP","rARM","rGFP","rPM","rTS","DRS","ARM","DPR","RngR","ErrR","UZR","UZR/150","FRM","OAA","RAA","Def"
"2009","Mariners","13074.0","0","0","12","3","0","-6","66","","80","-0.2","6.1","92.3","-12.2","86.0","11.8","-35.1","","","96.9"
"2003","Mariners","12969.0","0","-2","2","6","-1","0","31","","41","-0.4","4.5","60.5","11.5","76.1","10.8","","","","83.1"
"2007","Royals","12936.0","0","-4","-1","7","-2","0","38","","43","9.3","3.1","63.2","-3.3","72.3","11.4","","","","75.3"
"2011","Diamondbacks","12990.0","12","2","5","1","-6","5","37","0","57","-4.0","-0.8","58.6","6.9","60.6","7.2","18.4","","","73.6"
"2008","Rays","13119.0","0","-4","0","3","2","-2","9","","15","5.4","3.4","65.9","-2.1","72.6","11.4","-21.7","","","71.1"
"2021","Rangers","12819.0","13","0","2","-4","14","11","39","17","86","13.3","-1.5","16.7","4.9","33.4","6.1","16.7","27","24","70.4"
"2013","Royals","13035.0","-9","3","2","5","15","15","30","-2","67","17.7","4.4","33.4","4.8","60.3","11.6","-9.0","","","68.0"
"2014","Royals","13056.0","-9","4","4","-4","5","6","24","-5","27","9.9","-7.1","41.8","7.2","51.8","7.1","-13.1","","","65.5"
"2008","Phillies","13047.0","0","1","-4","-4","18","2","63","","76","21.3","0.3","42.2","2.7","66.5","13.6","15.9","","","65.0"
"2004","Devil Rays","12753.0","0","2","1","0","11","-6","-9","","6","11.0","-0.8","58.5","-11.6","57.1","9.5","","","","63.1"
"2002","Twins","13002.0","0","0","0","0","0","0","0","","0","9.5","-3.0","45.2","8.7","60.4","9.8","","","","61.4"
"2009","Reds","13125.0","0","0","1","-3","13","3","9","","34","14.0","1.4","29.1","3.7","48.2","8.7","25.1","","","61.1"
"2008","Athletics","12915.0","0","2","3","12","1","3","20","","57","0.8","9.9","31.1","-5.4","36.4","6.1","0.8","","","60.0"
"2008","Astros","12828.0","0","2","-2","4","2","4","4","","17","4.3","2.2","29.2","16.3","52.0","7.9","-1.2","","","59.8"
"2011","Rays","13041.0","-16","0","1","4","6","12","38","10","65","1.2","5.0","44.5","6.6","57.3","9.3","-20.6","","","59.8"
"2010","Giants","13149.0","7","3","4","1","7","0","0","0","23","7.2","-1.4","36.4","14.3","56.5","9.4","1.0","","","58.8"
"2006","Royals","12837.0","0","1","3","9","-3","0","21","","30","5.6","2.1","44.5","-1.7","50.6","7.6","","","","58.6"
"2008","Red Sox","13017.0","0","2","0","0","-7","8","12","","17","-4.3","0.5","56.3","4.7","57.1","7.2","-7.9","","","58.1"
"2005","Braves","12993.0","0","1","0","2","24","3","30","","57","27.0","2.7","20.0","9.3","59.0","12.5","","","","58.0"
"2004","Dodgers","13080.0","0","4","-1","1","-1","2","60","","72","0.8","6.4","36.9","14.8","58.9","8.9","","","","57.9"
"2003","Giants","12936.0","0","4","-4","4","7","0","18","","32","8.6","5.4","36.1","9.3","59.4","10.1","","","","56.4"
"2010","Padres","13107.0","-7","1","0","-3","-5","8","63","1","70","-4.1","-1.2","36.4","14.4","45.4","5.1","11.1","","","55.3"
"2012","Braves","13008.0","22","2","3","-1","2","11","48","0","85","8.7","2.5","27.5","5.7","44.4","8.2","37.6","","","53.7"
"2003","Dodgers","13119.0","0","7","12","2","-3","0","39","","68","-4.2","3.6","35.4","1.8","36.6","4.7","","","","52.6"
"2003","Devil Rays","12930.0","0","-2","5","2","8","0","-1","","18","4.7","-3.5","44.1","-3.9","41.4","5.8","","","","52.4"
"2009","Phillies","13101.0","0","3","-1","1","12","10","-20","","7","13.5","-1.0","5.0","9.4","26.9","5.9","9.5","","","50.7"
"2007","Cubs","13020.0","0","-5","-10","2","12","8","18","","16","14.6","5.3","44.4","2.9","67.1","13.6","","","","49.1"
"2005","Phillies","12915.0","0","-6","-3","0","19","2","89","","97","10.9","-1.1","43.3","1.6","54.7","10.0","","","","48.7"
"2006","Tigers","13032.0","0","1","4","10","8","-2","18","","54","5.9","3.0","28.6","-2.5","35.0","6.3","","","","48.0"
"2009","Giants","13014.0","0","-5","1","-3","5","-11","35","","17","-1.6","-6.9","65.7","-0.8","56.3","7.0","5.1","","","47.5"
"2004","Mariners","13134.0","0","-1","0","2","6","9","5","","28","8.7","-0.4","37.4","-2.5","43.2","7.2","","","","47.2"
"2003","Astros","13050.0","0","2","4","-2","24","0","35","","71","20.7","-2.5","19.8","-0.7","37.2","9.3","","","","46.2"
"2006","Mariners","13020.0","0","-9","1","4","7","-1","50","","54","12.6","5.5","23.9","0.1","42.0","8.3","","","","46.0"
"2002","Cardinals","13017.0","0","0","0","0","0","0","0","","0","11.5","8.4","19.6","6.2","45.7","8.9","","","","45.7"
"2013","Orioles","13077.0","-2","-12","3","7","5","6","7","10","26","5.9","5.0","14.9","11.2","36.9","6.6","-4.0","","","45.7"
"2018","Cubs","13287.0","-10","3","3","1","12","11","52","3","82","14.2","4.9","-5.9","10.2","23.4","6.2","-19.9","26","20","45.6"
"2002","Angels","13071.0","0","0","0","0","0","0","0","","0","0.5","-1.7","28.9","5.9","33.4","4.4","","","","45.4"
"2003","Angels","12882.0","0","-2","3","2","1","0","16","","22","7.7","0.3","33.0","-1.7","39.3","6.6","","","","45.3"
"2009","Rays","12846.0","0","-2","-2","-5","11","7","36","","41","8.5","-6.2","54.3","-7.2","49.3","8.0","10.2","","","44.9"
"2014","Red Sox","13191.0","9","-3","2","-8","10","5","35","8","51","9.5","-4.0","29.2","11.8","46.4","7.2","14.0","","","44.9"
"2022","Yankees","13065.0","20","1","5","-2","7","8","62","25","129","15.1","-2.5","11.2","6.9","30.7","7.0","24.5","23","18","44.7"
"2011","Reds","13209.0","7","1","-2","-4","1","-5","52","1","61","3.0","-3.9","29.0","10.4","38.5","5.2","10.9","","","44.5"
"2021","Cardinals","12753.0","-6","3","3","-7","8","4","60","11","81","3.2","-6.6","21.6","12.8","31.0","4.0","-7.9","53","42","44.3"
"2010","Reds","13077.0","5","-4","0","0","-1","13","21","2","43","-2.6","2.0","19.1","19.4","37.9","4.7","16.3","","","43.9"
"2017","Twins","12924.0","2","6","1","-6","2","-5","29","-2","24","-0.3","-7.7","11.0","12.0","15.1","1.0","6.4","63","52","43.8"
"2002","Dodgers","13119.0","0","0","0","0","0","0","0","","0","-4.8","7.1","27.6","8.3","38.2","5.6","","","","43.2"
"2019","Red Sox","13239.0","10","0","1","-9","13","-4","-9","2","5","15.0","-5.9","-3.8","5.5","10.8","3.3","14.1","3","2","43.0"
"2011","Angels","13185.0","10","1","-1","6","7","13","-2","1","29","3.8","6.7","23.6","7.8","41.8","6.6","9.9","","","42.9"
"2015","Royals","13068.0","-8","-2","3","-7","3","7","44","-14","35","4.2","-8.1","32.5","8.1","36.8","4.7","-10.7","","","42.8"
"2019","Indians","12939.0","20","7","1","2","8","11","-1","19","66","13.5","-0.5","8.1","11.8","32.9","7.0","13.0","31","24","42.8"
"2005","Nationals","13122.0","0","1","4","2","4","-10","-8","","-6","7.2","4.3","22.0","4.2","37.7","6.6","","","","42.7"
"2014","Orioles","13152.0","1","2","0","11","9","12","21","8","58","14.2","6.6","20.7","-0.2","41.3","8.6","6.0","","","41.9"
"2005","Twins","13179.0","0","-1","3","10","2","-1","19","","45","-0.2","4.0","28.2","-0.1","31.9","4.6","","","","41.9"
"2022","Diamondbacks","12870.0","-15","3","2","-5","5","0","29","33","56","1.5","-2.2","34.4","-2.0","31.7","4.2","-6.4","44","38","41.7"
"2017","Indians","12966.0","9","-1","4","4","7","16","-12","18","52","3.6","3.6","-10.6","8.2","4.9","1.8","13.1","31","24","41.5"
"2004","Blue Jays","12789.0","0","2","6","-3","11","-3","25","","37","8.3","0.1","17.9","10.0","36.3","6.2","","","","41.3"
"2019","Diamondbacks","13185.0","3","-1","3","5","6","8","27","38","91","9.7","0.2","7.9","3.2","21.0","4.7","5.1","28","21","41.3"
"2018","Astros","13095.0","12","2","1","3","4","10","27","3","61","2.8","1.5","-17.7","0.9","-12.5","-1.3","14.5","41","33","41.1"
"2018","Brewers","13149.0","6","1","2","1","0","5","85","18","121","-0.9","3.6","36.9","-14.6","24.9","4.0","7.1","38","33","40.9"
"2007","Braves","13107.0","0","1","-2","2","16","4","44","","59","21.9","-1.4","27.2","-2.3","45.5","10.2","","","","40.5"
"2014","Reds","13014.0","-7","2","0","-1","4","11","28","18","65","5.7","-1.1","19.7","9.4","33.7","5.6","-0.7","","","39.8"
"2010","Diamondbacks","12888.0","10","-2","-4","3","2","-4","15","-2","15","-0.6","3.5","52.1","-1.3","53.7","7.2","7.7","","","39.7"
"2004","White Sox","12891.0","0","2","1","2","7","2","16","","32","4.8","-0.4","23.0","7.0","34.4","5.7","","","","39.4"
"2019","Cardinals","12996.0","-13","0","2","5","5","-3","53","16","77","5.3","5.7","9.5","12.2","32.8","6.1","-10.9","29","21","38.9"
"2007","Tigers","13026.0","0","4","1","4","1","-3","33","","42","5.0","-2.1","28.2","1.5","32.6","4.8","","","","38.6"
"2007","Phillies","13125.0","0","3","4","0","26","-3","16","","47","11.5","-0.6","20.5","1.2","32.6","6.1","","","","38.6"
"2012","Angels","12900.0","-7","0","-3","-1","2","23","28","-3","41","4.3","0.7","34.7","-4.5","35.2","5.5","-14.8","","","37.6"
"2017","Reds","12870.0","-19","7","6","0","17","8","18","6","56","10.9","3.5","-4.5","2.0","11.9","4.0","-17.1","15","13","37.5"
"2021","Royals","12756.0","-7","2","4","3","3","10","-4","11","23","3.6","5.7","7.0","5.8","22.1","3.4","-17.3","27","21","37.3"
"2005","Angels","13179.0","0","4","6","3","0","-2","23","","31","0.6","-1.9","21.7","6.6","27.0","3.6","","","","37.0"
"2011","Rangers","12972.0","-12","-3","2","7","-5","-5","7","3","-5","-3.4","7.4","36.9","-10.6","30.3","4.2","-11.9","","","36.4"
"2008","Cardinals","13086.0","0","-2","6","3","3","3","47","","69","2.6","0.1","2.4","14.1","19.2","2.8","18.3","","","36.0"
"2017","Mariners","12963.0","-5","4","1","11","12","-3","-18","6","9","12.6","8.4","0.5","-11.4","10.1","4.1","3.0","19","16","36.0"
"2002","Giants","12936.0","0","0","0","0","0","0","0","","0","-3.3","4.2","29.3","3.6","33.8","4.2","","","","35.8"
"2017","Brewers","13011.0","6","1","-2","7","5","-5","-11","25","23","12.7","1.1","-4.3","-19.7","-10.2","0.4","-3.5","31","23","35.1"
"2016","Royals","12960.0","-12","1","4","-3","8","5","2","-4","10","3.7","-3.0","11.3","9.2","21.2","2.9","-19.1","25","23","35.1"
"2006","Astros","13218.0","0","3","-3","4","3","7","38","","56","-2.3","4.5","25.9","8.8","37.0","4.8","","","","35.0"
"2021","Astros","13005.0","-5","-4","1","-2","1","5","57","16","76","0.5","-1.3","18.2","2.7","20.1","2.8","0.8","39","32","34.9"
"2006","Twins","12954.0","0","-2","-1","-5","1","8","3","","15","1.9","-6.3","32.6","2.5","30.8","4.0","","","","34.8"
"2022","Cardinals","12921.0","-8","3","-1","2","8","12","34","11","67","7.6","2.8","12.7","20.0","43.1","6.3","-3.4","26","20","34.0"
"2010","Twins","13074.0","-2","3","3","-2","4","6","-23","0","-2","1.9","-4.6","16.4","14.4","28.1","3.6","4.3","","","33.8"
"2008","Mets","13179.0","0","-1","-1","-5","-1","5","28","","33","1.9","1.8","26.6","1.5","31.8","4.9","5.8","","","33.5"
"2022","Astros","13008.0","-1","0","0","5","5","8","15","44","67","8.2","0.4","11.1","-5.4","14.3","4.5","-2.9","32","27","33.2"
"2013","Rangers","13170.0","-1","-2","1","3","8","0","12","3","29","11.4","1.2","20.1","-2.2","30.5","6.0","-9.9","","","33.1"
"2002","Mariners","13008.0","0","0","0","0","0","0","0","","0","-10.5","-1.8","31.5","5.9","25.0","1.1","","","","33.0"
"2008","Cubs","13056.0","0","3","-3","-3","0","-10","-4","","-19","2.2","2.1","29.8","-3.7","30.3","5.1","-6.8","","","33.0"
"2018","Marlins","12978.0","1","-4","3","-3","-8","-11","8","25","21","-4.5","0.4","8.1","4.0","8.1","0.4","5.3","24","15","33.0"
"2003","White Sox","12879.0","0","0","2","2","-5","0","24","","27","-2.8","3.7","23.1","2.0","26.0","3.3","","","","33.0"
"2009","Tigers","13023.0","0","-3","5","1","9","9","3","","25","5.9","-0.2","18.3","2.6","26.5","4.6","-33.8","","","32.6"
"2021","Rays","13101.0","14","2","2","4","0","-5","45","18","72","0.4","2.0","17.7","-5.6","14.4","2.4","5.1","29","27","32.1"
"2005","Indians","13074.0","0","-2","-1","12","-10","-2","40","","33","-11.8","5.3","46.9","-4.5","35.9","3.1","","","","31.9"
"2015","Blue Jays","12969.0","2","0","5","7","1","-4","-18","22","25","-8.0","-1.2","15.4","3.5","9.7","-0.4","6.9","","","31.6"
"2005","Tigers","12921.0","0","1","10","1","-6","5","20","","39","-7.5","0.5","13.6","4.9","11.5","0.2","","","","31.5"
"2002","Braves","13206.0","0","0","0","0","0","0","0","","0","0.5","-0.7","26.6","-1.1","25.4","3.4","","","","31.4"
"2009","Rangers","12912.0","0","-1","4","6","-9","1","20","","19","-6.0","4.0","28.4","0.5","26.9","2.8","8.9","","","31.2"
"2006","Giants","12867.0","0","0","-3","-3","-14","15","30","","32","-7.1","-4.0","36.3","5.8","31.1","2.2","","","","31.1"
"2009","Pirates","12765.0","0","0","0","3","4","6","33","","45","3.3","-2.2","10.1","18.4","29.7","4.2","-38.5","","","31.0"
"2021","Mets","12414.0","7","-2","6","1","0","2","-1","32","48","3.2","0.1","-5.9","-9.9","-12.6","-1.6","2.2","26","18","30.7"
"2011","Red Sox","13116.0","7","0","0","-2","-7","-8","38","-1","18","-3.5","0.1","42.1","5.3","44.0","5.3","-5.0","","","30.4"
"2007","Giants","13083.0","0","3","2","-1","-5","-7","10","","2","-5.6","-0.8","20.8","12.7","27.2","2.5","","","","30.2"
"2019","Cubs","12978.0","-2","1","0","5","5","4","34","-12","29","0.7","6.4","-2.7","7.5","11.9","1.8","-8.3","34","26","30.1"
"2008","Blue Jays","13020.0","0","0","1","-3","7","5","41","","54","2.9","-2.3","13.3","7.9","21.8","3.4","8.8","","","30.1"
"2005","Blue Jays","13023.0","0","6","-3","3","12","14","23","","55","9.6","0.7","20.0","3.5","33.8","6.5","","","","29.8"
"2010","Athletics","12885.0","-1","5","-2","6","-8","10","56","0","73","-6.0","7.8","17.2","6.0","25.0","2.6","-5.8","","","29.7"
"2008","Brewers","13101.0","0","4","6","-5","-1","1","32","","44","-1.0","-2.7","24.3","-4.6","15.9","1.6","-2.8","","","29.5"
"2004","Cubs","13188.0","0","-1","-4","-10","-1","-5","5","","-18","3.0","-1.5","30.9","3.6","36.1","5.6","","","","29.1"
"2016","Cubs","13137.0","19","0","2","-1","-4","-5","88","22","107","1.0","-1.0","42.8","4.3","47.1","6.4","15.2","41","32","28.8"
"2003","Indians","13134.0","0","-1","2","4","-2","0","25","","28","0.0","3.0","24.5","-4.9","22.8","3.2","","","","28.8"
"2005","Astros","12987.0","0","-1","0","0","7","9","42","","62","2.1","-0.1","19.9","1.5","23.5","3.7","","","","28.5"
"2012","Reds","13077.0","24","-1","3","-3","4","8","22","6","63","2.6","-2.5","4.8","5.0","9.9","1.5","19.8","","","27.8"
"2016","Rangers","12987.0","1","-5","2","4","0","-2","-12","17","2","3.3","7.4","6.5","-5.9","11.4","2.2","-11.3","19","15","27.5"
"2004","Braves","13050.0","0","1","-2","-5","11","1","38","","39","15.9","-2.9","26.4","-6.0","33.3","6.6","","","","27.3"
"2016","Blue Jays","13134.0","16","4","-6","-1","0","-4","43","16","58","-5.2","1.5","12.8","2.3","11.4","0.7","17.0","4","4","26.5"
"2019","Astros","13161.0","-1","-2","-2","-3","-1","26","70","15","97","-0.9","-5.5","17.2","4.1","14.9","1.6","-0.2","47","38","26.3"
"2016","Astros","13212.0","10","0","3","7","20","5","19","17","77","20.4","-2.5","-2.1","-5.1","10.7","5.1","18.4","3","4","26.1"
"2005","White Sox","13281.0","0","-4","-3","5","-5","4","42","","39","-7.2","3.4","33.5","3.3","33.1","3.2","","","","26.1"
"2018","Braves","13110.0","1","1","-1","1","1","-2","50","8","53","-4.0","-3.0","28.6","6.3","27.9","2.6","1.5","44","36","26.0"
"2010","Rays","13083.0","-7","-1","-4","-3","3","6","10","11","22","4.6","-4.1","32.3","0.8","33.5","5.5","-11.9","","","26.0"
"2013","Reds","13263.0","-3","0","0","-6","-1","1","25","11","28","1.9","-2.7","22.0","2.6","23.8","3.5","-8.8","","","25.6"
"2012","Red Sox","12987.0","12","-2","-3","6","1","4","49","7","64","-3.4","7.9","12.2","13.9","30.6","3.6","6.2","","","25.4"
"2012","Cubs","12723.0","-9","1","-3","0","-10","-9","20","5","-8","-5.7","-1.0","34.0","2.0","29.3","2.8","2.3","","","24.8"
"2005","Giants","12999.0","0","-7","4","-4","-8","0","-3","","-8","-11.4","-7.9","32.9","1.1","14.7","-1.0","","","","24.7"
"2005","Cubs","12960.0","0","0","3","-3","-6","-2","17","","8","-5.0","0.5","27.1","-3.1","19.5","1.8","","","","24.5"
"2012","White Sox","13011.0","-2","2","6","4","1","-9","1","0","7","-1.4","5.6","1.4","12.1","17.7","2.8","3.5","","","24.2"
"2013","Yankees","13026.0","15","-4","2","-4","2","5","-7","15","24","3.3","-2.2","5.3","8.7","15.1","2.3","25.6","","","24.1"
"2018","Pirates","12906.0","-11","-1","5","-1","10","-12","-8","22","12","11.9","-0.1","-11.0","-3.5","-2.8","1.8","-10.1","5","5","23.7"
"2003","Twins","13155.0","0","5","-2","-3","-1","0","-9","","-5","-2.3","-7.7","23.0","10.1","23.2","1.3","","","","23.2"
"2012","Phillies","13062.0","10","-3","4","-2","11","12","-26","1","10","7.9","2.3","4.9","-1.6","13.5","3.7","1.4","","","23.1"
"2005","Athletics","13053.0","0","-2","-4","4","3","3","37","","37","-2.6","-2.8","36.7","2.7","34.0","3.9","","","","23.0"
"2015","Twins","12987.0","-16","4","-3","-7","15","6","-30","-2","-38","19.4","-1.2","5.3","6.5","30.0","6.4","-13.7","","","23.0"
"2005","Cardinals","13011.0","0","2","10","10","3","10","33","","81","8.3","7.4","-14.7","3.6","4.5","2.7","","","","22.5"
"2016","Indians","13005.0","-3","2","3","-5","8","-3","11","22","41","4.5","1.5","17.3","-2.9","20.4","3.9","7.5","16","10","22.5"
"2011","Yankees","13125.0","24","1","0","0","6","6","-9","-1","19","7.3","1.2","16.9","-1.5","23.8","4.6","33.4","","","22.4"
"2013","Diamondbacks","13455.0","6","-4","-1","-2","11","-5","61","-5","69","10.9","-1.0","-2.2","16.1","23.8","4.8","8.6","","","22.4"
"2019","Nationals","12954.0","-13","1","-3","-2","4","2","33","2","26","1.2","-4.5","-4.1","10.2","2.9","0.2","-6.0","31","27","22.3"
"2006","Cubs","12951.0","0","0","-4","-6","-7","-7","13","","-16","-11.3","-1.9","47.2","-2.8","31.2","2.1","","","","22.2"
"2006","Mets","13152.0","0","-5","1","-3","3","4","35","","32","-1.1","-1.9","19.8","7.5","24.2","2.8","","","","22.2"
"2004","Rangers","12957.0","0","2","-1","-3","-9","-3","-22","","-26","-1.1","-2.2","26.8","-6.4","17.2","1.9","","","","22.2"
"2007","Red Sox","12948.0","0","-2","-2","2","-8","13","6","","2","-6.4","-0.1","32.8","2.9","29.1","2.4","","","","22.1"
"2014","Angels","13344.0","13","-1","-2","3","-4","5","-5","-10","-9","-5.2","3.6","13.2","12.6","24.2","2.8","9.7","","","21.9"
"2017","Astros","13014.0","9","-4","-6","7","10","1","4","14","21","6.1","0.8","-32.2","-4.3","-29.6","-3.6","11.9","2","2","21.5"
"2018","Red Sox","13128.0","15","4","-2","-7","9","-3","-18","13","10","19.1","-0.2","0.3","6.2","25.3","6.7","22.8","-1","1","21.4"
"2007","Twins","12930.0","0","3","-2","0","2","9","10","","27","-4.2","-3.9","26.1","-0.7","17.3","1.2","","","","21.3"
"2004","Cardinals","13083.0","0","-4","3","-3","10","4","37","","51","7.3","-4.5","9.2","4.1","16.0","3.1","","","","21.0"
"2003","Padres","12882.0","0","5","-8","-4","12","0","-15","","-16","8.5","-2.2","28.6","-1.4","33.5","5.6","","","","20.5"
"2021","Marlins","12735.0","4","1","2","7","16","-13","25","13","55","15.0","4.2","-2.8","-15.6","0.7","3.4","1.7","-9","-6","20.1"
"2008","Giants","12978.0","0","0","3","-4","-4","-9","-19","","-33","0.9","-3.9","35.1","-8.9","23.3","2.9","0.4","","","20.1"
"2011","Padres","13044.0","-13","0","-2","-4","-3","8","36","5","32","-4.1","-4.8","25.2","5.7","22.0","1.8","-15.7","","","20.0"
"2004","Angels","13089.0","0","0","5","-6","7","7","-35","","-16","10.1","-4.7","5.7","0.8","11.9","2.9","","","","19.9"
"2013","Red Sox","13086.0","8","-1","-3","-2","6","5","15","8","22","-2.2","-2.7","21.4","8.2","24.7","2.6","2.0","","","19.4"
"2002","Orioles","13056.0","0","0","0","0","0","0","0","","0","0.3","-1.3","4.4","16.9","20.3","2.6","","","","19.3"
"2013","Brewers","12984.0","26","-3","-1","-1","12","7","-6","19","44","10.8","1.5","18.9","-16.6","14.7","4.3","44.0","","","19.2"
"2014","Braves","13095.0","-9","1","-2","4","0","-8","1","-5","-14","-1.4","6.5","19.8","-0.6","24.2","3.6","-18.7","","","19.1"
"2003","Cardinals","13173.0","0","-1","-1","1","-3","0","-7","","-7","-1.6","0.5","12.4","6.8","18.0","2.0","","","","19.0"
"2006","Orioles","12771.0","0","-2","8","3","8","-7","-22","","-13","3.8","-0.8","-2.6","4.5","4.8","1.1","","","","18.8"
"2008","Indians","12933.0","0","-2","-1","12","9","3","2","","24","5.2","4.7","5.3","4.8","20.0","3.9","-2.4","","","18.7"
"2016","Marlins","12915.0","1","-10","0","-4","7","3","5","4","4","4.0","-2.2","18.4","12.1","32.3","4.8","-8.1","17","13","18.6"
"2015","Rangers","12984.0","-4","2","-2","-2","5","2","-25","11","-12","11.9","0.5","17.1","-9.0","20.5","4.2","-5.1","","","18.5"
"2013","Marlins","13140.0","-14","0","1","1","-6","-10","16","-4","-10","-1.0","4.2","4.3","9.5","16.9","2.6","-14.9","","","18.3"
"2018","Angels","12936.0","2","0","4","12","-6","2","7","-14","5","-1.1","6.1","18.8","17.4","41.2","5.0","5.7","3","3","17.7"
"2022","Guardians","13104.0","3","2","-1","-1","11","2","46","22","79","5.9","1.2","18.5","8.1","33.8","5.0","3.7","17","14","17.6"
"2002","Devil Rays","12963.0","0","0","0","0","0","0","0","","0","4.4","1.4","15.6","-7.9","13.5","2.5","","","","17.5"
"2022","Dodgers","13062.0","8","6","-3","1","3","2","23","50","86","7.3","3.5","9.3","-17.0","3.0","3.3","3.8","8","8","17.3"
"2021","Cleveland","12672.0","0","1","0","0","-3","-8","8","3","2","-3.1","4.9","-1.1","12.6","13.4","1.2","2.2","18","14","17.3"
"2013","Braves","13053.0","4","2","1","3","-7","-10","43","-3","38","-6.0","4.3","6.9","4.6","9.8","0.2","4.2","","","17.2"
"2007","Angels","12915.0","0","-1","-1","5","-2","-1","-12","","-13","2.3","1.9","17.1","-2.5","18.8","3.2","","","","16.8"
"2017","Angels","12966.0","16","3","4","7","-4","3","28","-9","50","-0.4","3.7","15.4","10.6","29.3","4.2","24.7","8","5","16.8"
"2007","Mets","13071.0","0","1","-1","-4","-11","-1","44","","18","-5.3","0.8","23.6","1.6","20.7","1.8","","","","16.7"
"2013","Cubs","13032.0","-14","5","5","0","-2","-2","0","8","-2","-0.7","0.3","15.8","-5.1","10.3","1.4","-21.0","","","16.4"
"2010","Tigers","12999.0","1","0","-4","5","7","-15","13","0","-5","1.9","4.0","19.9","0.4","26.3","4.0","-20.9","","","16.3"
"2021","Giants","13095.0","1","-5","-2","-3","-3","3","1","34","32","-0.8","-4.6","4.8","1.4","0.8","-0.5","5.5","26","21","16.3"
"2015","Angels","12966.0","9","0","2","-2","6","7","-6","-21","-1","9.3","-2.9","4.1","1.5","12.0","2.6","3.8","","","16.0"
"2003","Cubs","13107.0","0","-2","4","6","-7","0","-28","","-25","-9.9","8.9","9.6","-0.7","8.0","0.2","","","","16.0"
"2022","Orioles","12900.0","-2","1","-2","4","4","6","11","6","36","5.8","4.4","4.3","13.4","27.9","4.0","-5.7","2","1","15.9"
"2014","Nationals","13236.0","1","-1","7","7","1","6","-4","-14","17","5.8","9.7","-9.1","-4.3","2.2","2.4","-5.6","","","15.9"
"2018","Athletics","13191.0","-1","-8","4","3","-3","-2","-2","23","13","-1.8","0.0","29.0","9.5","36.7","4.0","-2.8","21","16","15.3"
"2017","Cubs","13026.0","-10","-2","3","-1","-2","-2","33","20","40","4.3","-2.7","19.4","3.5","24.5","3.9","-10.5","20","14","15.1"
"2015","Cardinals","13182.0","-3","5","0","0","-9","-3","22","-14","2","-3.1","1.1","10.5","3.6","12.1","1.0","6.3","","","15.1"
"2005","Mariners","12849.0","0","0","-1","-1","-12","1","12","","3","-6.6","-3.0","19.6","3.0","13.0","0.4","","","","15.0"
"2015","Rays","13080.0","2","-6","2","-2","8","6","4","14","14","10.6","-0.4","12.5","-7.7","15.0","3.9","3.6","","","15.0"
"2015","Giants","12999.0","8","1","-5","5","-3","5","18","-2","30","-5.2","3.8","15.6","7.7","21.8","2.1","9.8","","","14.8"
"2010","Mets","13077.0","1","1","-2","2","14","-4","22","-1","39","14.6","1.5","-13.2","6.7","9.6","3.8","-12.9","","","14.8"
"2020","Padres","4683.0","2","-3","1","-2","-2","-4","16","-4","3","-0.8","-1.2","1.6","14.6","14.2","3.6","-0.4","18","15","14.8"
"2011","Giants","13212.0","30","1","6","1","1","-8","-1","1","29","0.8","0.5","1.7","2.0","5.0","0.9","28.2","","","14.5"
"2021","Rockies","12573.0","-1","0","4","-1","5","3","45","5","61","8.0","-0.4","14.0","21.4","43.0","6.2","0.7","2","2","14.4"
"2020","Indians","4824.0","3","0","3","2","-3","-1","21","-1","26","0.9","2.9","-0.4","4.7","8.1","3.0","1.9","7","4","14.3"
"2013","Giants","13026.0","9","4","0","-3","1","-8","10","-2","5","3.6","0.7","16.0","-5.7","14.7","2.7","19.7","","","14.3"
"2010","Nationals","12915.0","15","-3","2","-7","0","-6","8","-3","-2","-5.5","-5.6","26.7","-14.0","1.6","-1.2","15.8","","","14.2"
"2017","Red Sox","13341.0","31","-1","6","-2","5","15","21","6","79","0.7","-5.2","32.1","0.1","27.7","3.1","12.3","5","7","13.8"
"2020","Rays","4749.0","-4","1","1","0","11","1","11","-2","24","11.0","1.6","5.3","-3.1","14.8","10.6","-2.9","-3","-1","13.6"
"2019","Phillies","13083.0","1","-2","10","-5","5","-1","45","6","68","8.2","-8.1","14.1","6.9","21.1","3.4","8.0","-3","-2","13.6"
"2013","Dodgers","13053.0","-11","2","5","-2","-1","0","32","-14","20","1.2","-3.1","17.6","-10.2","5.5","0.8","-3.9","","","13.2"
"2015","Diamondbacks","13200.0","-12","-4","-3","4","-2","8","68","-1","60","-4.7","-0.7","19.7","2.8","17.1","1.3","-14.5","","","13.1"
"2002","Pirates","12714.0","0","0","0","0","0","0","0","","0","7.9","8.2","-7.2","1.2","10.0","3.6","","","","13.0"
"2016","Angels","12792.0","0","1","3","-1","4","13","-1","17","38","5.9","1.1","25.5","-6.8","25.7","4.7","-6.9","-4","-4","13.0"
"2015","Indians","12894.0","-3","0","2","-1","0","2","-5","16","15","-0.4","2.3","5.7","3.4","10.9","1.8","0.0","","","12.9"
"2012","Diamondbacks","12903.0","8","0","3","-5","5","6","13","1","32","6.4","-1.6","-24.0","18.0","-1.2","0.9","10.9","","","12.8"
"2020","Cardinals","4257.0","-1","-1","1","1","4","3","18","9","34","0.3","1.5","8.2","3.2","13.1","4.4","0.1","12","10","12.7"
"2010","Rangers","13098.0","-6","-2","-4","-1","-8","2","5","1","-21","1.7","-4.7","32.8","-4.3","25.5","3.3","-5.0","","","12.6"
"2015","Tigers","13023.0","-15","-1","0","9","4","1","-17","7","-4","11.2","6.7","-10.1","-0.3","7.5","3.4","-24.1","","","12.5"
"2016","Giants","13143.0","10","1","2","1","-3","1","43","14","75","-5.1","2.1","18.2","11.3","26.4","2.5","25.5","14","9","12.4"
"2017","Rockies","12939.0","-27","-2","2","3","-14","8","27","-8","7","-12.7","4.4","2.6","14.2","8.5","-0.8","-9.6","20","14","12.3"
"2020","Brewers","4656.0","2","1","2","-3","-2","2","-16","4","-9","-2.9","-1.0","0.6","-3.1","-6.4","-4.5","5.8","3","2","12.1"
"2002","Mets","12984.0","0","0","0","0","0","0","0","","0","3.1","2.4","25.7","-14.1","17.1","3.1","","","","12.1"
"2015","Braves","12828.0","-15","-1","0","6","-13","-8","-9","-20","-51","-5.1","8.4","3.6","1.1","8.0","0.7","-18.7","","","12.0"
"2019","Reds","12942.0","6","2","-3","5","7","5","10","16","41","-2.8","1.8","-0.8","0.4","-1.5","-0.6","2.9","28","22","12.0"
"2019","Athletics","13185.0","-11","-4","1","-4","11","-6","24","-12","3","8.1","-1.2","14.3","18.7","39.9","5.9","-7.9","2","2","11.9"
"2019","Angels","12984.0","-5","-1","-2","2","-7","-5","-8","8","-20","6.7","0.7","8.4","11.0","26.8","4.3","-5.0","7","5","11.8"
"2008","Dodgers","13026.0","0","-2","0","-8","-2","0","-3","","-12","2.9","-2.6","-55.7","3.1","-52.4","-6.6","30.2","","","11.8"
"2016","Rockies","12864.0","-10","0","1","-1","-3","-6","15","19","11","2.4","-4.7","-6.9","2.3","-6.9","-1.1","2.8","22","16","11.8"
"2007","Cardinals","12921.0","0","3","4","-3","-1","8","29","","48","-0.6","-3.1","23.1","-17.7","1.8","0.0","","","","11.8"
"2006","Athletics","13065.0","0","4","6","6","3","1","-21","","4","-4.7","-2.2","-2.2","12.8","3.6","-0.4","","","","11.6"
"2007","Nationals","13020.0","0","-4","1","3","-9","-3","-7","","-14","-8.3","4.0","21.1","-10.4","6.3","0.0","","","","11.3"
"2017","Rays","13005.0","13","-1","-1","3","7","-8","13","35","48","0.3","-2.2","32.7","-7.9","22.8","3.1","0.4","14","14","11.3"
"2012","Dodgers","13047.0","-12","2","0","-8","5","2","3","1","-6","4.9","-5.2","5.7","1.5","6.9","1.5","-11.8","","","11.3"
"2015","Orioles","12912.0","-4","4","0","4","15","16","-27","0","6","13.1","4.1","-14.2","8.3","11.3","3.9","-2.3","","","11.3"
"2011","Brewers","12975.0","29","0","-6","6","-8","1","18","0","32","-8.7","2.1","36.0","-11.3","18.1","1.1","38.5","","","11.1"
"2006","Padres","13173.0","0","1","-6","-3","-9","-2","61","","27","-9.2","-1.4","33.1","8.4","30.9","1.8","","","","10.9"
"2022","Royals","12744.0","-22","-2","-3","4","7","3","-40","2","-40","5.0","1.4","-3.7","11.5","14.3","2.3","-27.7","1","2","10.8"
"2011","White Sox","13140.0","9","-1","-2","3","-12","-4","9","-3","-8","-12.0","2.9","-8.0","11.1","-6.0","-2.6","12.1","","","10.6"
"2020","Cubs","4665.0","2","-1","2","2","4","4","4","5","25","2.3","-0.8","4.1","5.3","10.8","5.6","2.5","5","4","10.6"
"2006","Blue Jays","12855.0","0","-2","-6","3","19","-1","32","","39","15.3","0.5","16.0","-6.2","25.5","6.7","","","","10.5"
"2020","White Sox","4743.0","10","1","2","1","1","-7","22","-5","27","0.6","-0.4","5.1","-3.0","2.2","1.2","6.3","6","5","10.5"
"2016","Red Sox","12957.0","3","1","4","1","7","12","24","17","69","5.8","2.6","16.4","4.5","29.3","5.2","-2.1","-11","-5","10.5"
"2015","Marlins","12843.0","-7","6","-2","4","3","-3","31","-10","18","0.5","5.9","-7.7","15.6","14.3","2.4","-17.3","","","10.3"
"2014","Rangers","12837.0","-7","-1","1","3","5","-8","-46","8","-43","5.0","4.2","3.5","-1.8","10.9","2.4","-10.4","","","10.3"
"2012","Rays","13137.0","17","-2","4","5","0","-3","21","10","52","0.6","4.7","15.9","-13.0","8.2","1.8","28.4","","","10.0"
"2017","Royals","12939.0","-16","0","-3","-3","-11","6","-42","13","-56","-4.1","-0.3","-6.4","12.0","1.1","-0.5","-12.7","20","18","9.8"
"2016","White Sox","13020.0","-11","-3","-2","0","17","4","-21","15","-2","14.7","0.6","-18.6","4.6","1.3","2.5","-21.3","2","2","9.7"
"2021","Braves","12696.0","-1","-1","-3","-1","3","0","17","37","50","5.6","0.1","-11.0","0.8","-4.5","0.0","-0.4","6","5","9.6"
"2015","Dodgers","13011.0","2","-3","-2","-7","8","6","-2","-10","-1","4.9","-3.3","-9.4","13.4","5.6","1.8","19.3","","","9.6"
"2021","Athletics","12897.0","5","2","3","-2","-10","-5","-10","5","-10","-5.5","-2.7","-3.9","14.1","2.0","-1.0","9.0","20","15","9.2"
"2014","Yankees","13077.0","14","1","0","-4","-4","-4","-7","13","7","-1.3","-6.6","16.3","-6.3","2.0","-0.8","20.1","","","9.2"
"2003","Phillies","12993.0","0","-1","-8","3","13","0","23","","15","5.7","5.0","5.6","11.8","28.1","5.5","","","","9.1"
"2018","Diamondbacks","13167.0","27","-1","0","4","-9","17","63","25","123","-15.8","-2.1","23.5","7.1","12.7","-1.6","27.6","30","23","8.9"
"2012","Athletics","13230.0","-12","-2","3","-2","11","4","-6","2","6","9.8","1.5","4.0","-14.5","0.8","1.8","-12.0","","","8.9"
"2009","Cubs","13008.0","0","1","6","-2","-2","-14","-8","","-23","-4.6","-3.6","8.3","-0.2","-0.2","-1.3","-6.9","","","8.8"
"2010","Cardinals","13083.0","6","6","5","1","-2","8","18","1","53","-7.5","4.3","-7.0","0.1","-10.0","-2.4","24.0","","","8.8"
"2012","Giants","13059.0","16","-1","3","-1","-2","-6","12","2","11","-0.5","-1.9","14.7","-5.9","6.4","0.7","18.4","","","8.7"
"2010","Mariners","12942.0","-10","1","0","-1","-5","0","14","-2","2","-7.7","-0.4","30.5","-7.2","15.3","0.5","-28.2","","","8.7"
"2020","Royals","4653.0","2","3","-2","2","-1","2","-15","6","-2","0.5","1.0","-0.1","2.7","4.0","1.4","-0.9","11","8","8.5"
"2019","Rays","13269.0","7","-1","0","0","4","4","-2","41","47","5.1","-1.1","1.1","-7.2","-2.1","0.4","5.1","2","3","8.5"
"2009","Angels","13005.0","0","1","-4","7","9","15","28","","51","2.4","10.9","-7.5","9.2","15.1","2.8","-0.9","","","8.3"
"2006","Angels","13074.0","0","1","5","5","12","-4","-23","","-2","6.3","-1.8","6.8","-12.3","-1.0","1.1","","","","8.0"
"2007","Blue Jays","13038.0","0","6","-7","3","7","10","69","","81","3.5","-3.1","21.8","2.7","24.9","3.9","","","","7.9"
"2007","Brewers","12999.0","0","0","-7","4","-3","13","-15","","-8","1.0","-0.4","21.0","-7.2","14.4","2.1","","","","7.4"
"2011","Dodgers","12888.0","-12","0","-1","0","5","7","-5","1","-1","5.3","-2.1","0.8","3.6","7.6","1.8","-15.3","","","7.3"
"2017","Yankees","13038.0","5","0","0","-10","2","-4","28","9","26","-1.8","-6.2","16.3","0.2","8.5","0.2","0.5","16","15","7.1"
"2013","Twins","13053.0","-28","2","3","0","10","9","-59","10","-43","9.7","0.9","-16.3","6.5","0.8","1.5","-24.2","","","7.1"
"2015","Cubs","13152.0","13","0","2","-5","-3","0","3","8","6","6.8","-4.7","21.7","-11.1","12.6","3.0","11.0","","","6.6"
"2004","Astros","12987.0","0","1","-3","-5","5","8","23","","26","4.1","1.4","11.5","-4.3","12.6","2.7","","","","6.6"
"2005","Brewers","12942.0","0","0","-4","-5","-1","-2","-2","","-11","-2.2","-1.0","23.7","-14.4","6.2","0.3","","","","6.2"
"2003","Rockies","12780.0","0","-1","3","-1","17","0","-15","","7","14.8","1.4","-16.3","-0.7","-0.8","2.0","","","","6.2"
"2004","Athletics","13242.0","0","-1","1","2","-1","-3","-25","","-16","1.7","1.2","-14.8","6.1","-5.8","-0.3","","","","6.2"
"2022","Mets","12948.0","11","-2","3","3","-5","8","-21","15","13","-11.4","-0.4","-9.5","11.8","-9.5","-4.1","9.2","10","7","6.2"
"2020","Diamondbacks","4665.0","4","-2","-3","2","-2","-1","5","1","-2","1.3","-0.2","9.0","-3.7","6.5","2.9","4.6","11","9","6.1"
"2020","Twins","4620.0","0","1","1","0","7","2","4","2","17","0.0","-0.6","4.2","1.4","4.9","2.4","-2.0","5","4","6.1"
"2006","Cardinals","12867.0","0","2","3","3","-13","12","46","","55","-6.5","5.4","0.1","-0.1","-1.0","-0.9","","","","6.0"
"2003","Rangers","12900.0","0","-2","1","3","-12","0","79","","68","-4.2","0.0","-1.0","10.1","4.9","0.1","","","","5.9"
"2004","Phillies","13164.0","0","-4","-6","0","4","8","11","","6","1.2","3.3","3.0","10.4","17.9","3.0","","","","5.9"
"2022","Marlins","12936.0","3","-3","-4","4","8","6","3","3","11","6.5","2.4","-8.9","2.9","2.9","2.0","-2.5","5","1","5.9"
"2004","Twins","13284.0","0","-5","2","3","-1","10","-22","","-12","-1.3","2.5","-15.9","13.4","-1.3","-0.1","","","","5.7"
"2009","Astros","12870.0","0","0","2","4","11","12","-33","","4","12.7","2.7","-28.8","9.1","-4.3","1.6","1.0","","","5.5"
"2012","Mariners","13110.0","-22","-3","1","7","-1","-1","20","1","3","-5.2","7.0","5.0","11.9","18.7","2.1","-26.4","","","5.4"
"2019","Dodgers","13011.0","13","1","-1","4","7","4","46","39","106","5.9","-0.6","10.4","-17.7","-2.0","0.8","11.3","3","3","5.1"
"2020","Pirates","4617.0","2","1","1","0","3","2","-1","12","24","-0.4","0.7","2.3","-8.9","-6.2","-3.1","3.1","2","1","5.0"
"2006","Brewers","12831.0","0","3","-1","-6","-12","-2","21","","-3","-6.7","-2.8","22.8","-6.3","6.9","-0.6","","","","4.9"
"2014","Rays","13173.0","9","1","-1","-4","-4","-4","-16","1","-26","1.7","-4.9","10.2","-0.1","6.9","0.3","24.2","","","4.9"
"2008","Angels","13062.0","0","0","-4","7","-10","16","-15","","-10","-0.9","3.0","3.2","3.9","9.2","1.3","1.4","","","4.8"
"2017","Rangers","12909.0","-13","-3","1","-1","2","2","6","5","1","0.2","1.3","-10.4","-3.2","-12.1","-1.3","-12.2","1","0","4.7"
"2020","Red Sox","4716.0","-1","2","2","-1","6","1","-2","-4","1","4.7","0.3","-1.6","-6.0","-2.5","0.9","1.6","-5","-3","4.4"
"2022","Mariners","13023.0","5","4","2","-1","1","2","-3","32","36","-1.3","1.3","-0.2","3.4","3.2","0.4","2.5","1","2","4.3"
"2020","Rockies","4737.0","-1","1","-1","2","-5","4","21","-2","16","0.5","2.3","7.7","6.1","16.6","4.1","-2.3","3","2","4.2"
"2005","Devil Rays","12795.0","0","5","4","-4","6","-2","-29","","-19","-9.5","-3.1","18.9","-11.0","-4.8","-2.4","","","","4.2"
"2011","Royals","13062.0","-16","0","4","-7","19","8","-1","5","16","19.3","-5.6","-20.2","4.9","-1.6","2.3","-11.6","","","3.9"
"2016","Mariners","13113.0","0","0","-3","7","-2","3","-25","28","2","-1.7","4.3","-13.9","-5.2","-16.5","-2.0","-15.5","5","4","3.9"
"2012","Blue Jays","12993.0","-5","1","0","-4","16","5","37","12","72","10.1","-3.9","-15.1","4.3","-4.6","0.7","5.3","","","3.9"
"2022","Padres","12990.0","-12","2","-6","0","-4","-1","17","13","8","-7.9","-1.9","3.6","10.4","4.1","-1.3","-12.7","29","24","3.8"
"2002","Reds","13083.0","0","0","0","0","0","0","0","","0","9.4","-2.6","-5.5","2.4","3.7","1.8","","","","3.7"
"2021","Blue Jays","12648.0","-2","-1","0","-1","8","3","15","4","22","10.4","1.5","7.4","-6.0","13.3","4.0","5.0","-7","-6","3.3"
"2020","Braves","4719.0","0","-2","-2","1","-2","0","0","-2","-12","-2.4","0.6","-7.2","1.0","-8.1","-4.5","5.5","12","9","3.2"
"2004","Expos","13023.0","0","8","7","1","24","6","-1","","53","18.2","-2.6","-28.2","2.7","-9.9","1.8","","","","3.1"
"2006","Braves","12972.0","0","1","-3","-1","-1","5","-8","","-13","-1.3","-2.8","14.0","0.1","10.0","0.9","","","","3.0"
"2019","Rockies","13038.0","-15","1","2","3","-12","7","34","13","40","-10.9","0.8","3.3","-3.9","-10.8","-2.9","-12.5","14","8","3.0"
"2017","Cardinals","13053.0","8","-1","3","-7","6","0","1","18","31","0.9","2.6","2.2","2.2","7.9","1.3","2.4","-13","-10","2.9"
"2003","Marlins","13008.0","0","4","-2","5","1","0","-31","","-21","-5.9","6.7","-7.4","11.3","4.8","0.2","","","","2.8"
"2003","Braves","13107.0","0","3","-1","-2","2","0","50","","43","5.2","0.4","13.2","-11.1","7.6","1.9","","","","2.6"
"2022","Brewers","13014.0","9","0","-2","-3","0","0","28","27","53","-1.6","0.8","11.3","-4.8","5.7","0.5","11.2","3","4","2.6"
"2022","Blue Jays","12972.0","5","2","5","-3","2","4","-11","43","44","-6.6","-0.6","-18.0","-8.1","-33.2","-6.4","6.6","6","4","2.4"
"2017","White Sox","12795.0","-5","-1","-6","3","4","-10","-6","17","-11","7.4","0.7","1.5","-17.2","-7.5","0.2","-0.4","9","7","2.2"
"2016","Yankees","12855.0","3","0","-4","-7","3","-1","9","18","14","5.8","-5.7","8.9","3.7","12.6","2.3","0.0","9","8","2.2"
"2019","Braves","13056.0","16","-1","-1","0","2","3","10","-2","19","5.3","0.7","-30.7","14.4","-10.3","-0.1","16.9","0","0","2.0"
"2002","Blue Jays","12945.0","0","0","0","0","0","0","0","","0","4.8","1.8","1.3","-0.9","6.9","1.8","","","","1.9"
"2018","Reds","12969.0","-21","-1","-1","-2","4","0","-3","13","-11","-6.0","-1.8","7.9","-5.4","-5.3","-1.7","-21.7","15","13","1.7"
"2004","Brewers","12978.0","0","0","-4","-5","-7","-13","10","","-20","-13.7","-1.3","33.0","-13.4","4.6","-1.9","","","","1.6"
"2014","Brewers","13119.0","25","1","0","-8","-6","-1","-14","8","0","-5.3","-7.0","12.4","-5.9","-5.8","-2.5","24.5","","","1.6"
"2020","Dodgers","4848.0","3","1","0","1","-3","-1","25","4","27","-3.8","-2.2","9.4","-9.8","-6.4","-4.7","-1.4","9","8","1.5"
"2014","Cubs","13170.0","-16","-4","2","1","-10","-8","10","-11","-38","-5.1","1.8","10.3","-6.6","0.4","-0.7","-22.4","","","1.3"
"2018","Twins","12990.0","-8","0","-3","-4","4","-4","-3","30","12","-1.2","-2.4","10.5","-5.5","1.4","-0.2","-0.9","6","6","1.3"
"2002","Diamondbacks","13020.0","0","0","0","0","0","0","0","","0","-5.2","-4.8","7.2","2.0","-0.7","-1.9","","","","1.3"
"2014","Marlins","13119.0","-15","4","-2","-3","2","-2","4","-15","-33","7.2","-1.4","-4.6","4.9","6.1","1.9","-31.2","","","1.1"
"2015","Red Sox","13035.0","-7","-1","3","-8","7","-12","12","-5","-2","-5.2","0.1","-8.0","5.2","-7.9","-1.8","-8.1","","","1.1"
"2014","Athletics","13170.0","-3","2","-4","-3","9","10","17","4","28","-1.9","-1.0","19.3","-4.7","11.7","0.9","-18.0","","","1.1"
"2014","Cardinals","13038.0","-18","2","0","6","-3","1","48","3","54","-9.1","4.8","5.4","-2.2","-1.0","-1.5","-3.9","","","1.0"
"2012","Royals","13062.0","-14","1","6","3","14","11","-25","-3","-3","16.6","5.1","-31.3","-1.4","-11.0","1.4","-15.6","","","0.9"
"2018","Royals","12888.0","-10","-1","5","1","1","-5","-44","25","-30","4.9","-4.3","26.2","7.7","34.5","4.7","-13.5","-10","-8","0.8"
"2022","Tigers","12777.0","-13","-1","-2","4","-8","5","11","26","25","-7.3","0.4","10.2","-14.4","-11.1","-2.5","-9.2","12","8","0.8"
"2007","Diamondbacks","12969.0","0","0","-1","4","-3","5","20","","36","-3.0","1.7","-3.1","1.3","-3.2","-0.9","","","","0.8"
"2021","Twins","12774.0","10","-1","-4","3","2","10","-1","16","32","-1.6","0.2","4.9","-25.1","-21.7","-4.3","5.9","7","6","0.6"
"2016","Phillies","12933.0","-11","-1","0","-1","6","-9","-10","8","-11","-3.7","1.1","23.3","1.0","21.6","2.2","-11.3","0","2","0.6"
"2016","Nationals","13137.0","0","0","0","2","3","2","-8","6","2","5.7","0.5","-15.0","5.3","-3.5","0.8","5.9","-9","-7","0.5"
"2017","Marlins","12984.0","-12","-7","2","3","-5","9","8","11","22","-2.5","4.2","13.5","9.7","24.9","3.3","2.2","-7","-5","0.3"
"2010","Yankees","12981.0","-14","1","-11","2","6","-4","57","2","29","2.2","2.0","-0.1","21.0","25.1","4.0","-16.7","","","0.0"
"2010","Phillies","13107.0","-11","4","1","8","2","11","-18","2","-2","2.6","6.8","-25.0","9.2","-6.5","0.6","-6.2","","","0.0"
"2022","Athletics","12837.0","2","-5","3","3","-9","-11","-14","-4","-29","-1.7","-1.5","-8.0","-1.8","-13.0","-2.2","6.0","-4","-3","-0.1"
"2013","Rays","13176.0","16","0","-1","0","-3","6","20","1","30","-4.2","-2.9","4.5","13.3","10.7","0.5","21.1","","","-0.1"
"2020","Mariners","4650.0","-2","-3","-1","2","5","1","4","11","14","2.7","0.2","0.2","1.9","5.0","2.7","-2.6","2","1","-0.2"
"2009","Brewers","12915.0","0","-5","-2","0","-12","-3","7","","-18","-8.8","1.1","13.8","-6.9","-0.8","-1.5","2.4","","","-0.4"
"2022","Rays","12921.0","6","2","1","-1","2","-5","1","13","15","-1.7","-1.2","8.0","-5.1","-0.1","-0.4","-0.1","1","4","-0.4"
"2014","Dodgers","13182.0","-8","-1","2","5","9","-8","18","-14","6","6.2","2.7","-1.0","-8.4","-0.5","1.5","-13.2","","","-0.5"
"2011","Mariners","12897.0","-15","-1","-2","3","-6","7","9","1","-4","2.1","4.3","3.2","-0.4","9.1","2.0","-22.3","","","-0.5"
"2015","Brewers","12915.0","9","2","3","-3","-7","-15","-6","-13","-35","-12.3","-4.8","-4.2","-2.3","-23.5","-5.8","9.9","","","-0.7"
"2009","Dodgers","13260.0","0","4","1","1","-6","1","7","","14","-6.4","2.1","-1.0","5.0","-0.3","-1.1","21.4","","","-0.7"
"2013","Mets","13290.0","-12","-6","-3","-1","11","-3","-21","0","-24","12.9","-2.8","-6.1","-2.1","1.8","2.1","-16.3","","","-0.8"
"2017","Phillies","12969.0","-23","2","-3","-2","4","-4","-12","-5","-33","-0.2","2.3","-11.4","11.6","2.3","0.4","-21.5","0","-1","-0.9"
"2014","Blue Jays","12987.0","-14","0","-3","1","11","5","-23","-4","-28","8.2","-0.5","-8.5","1.9","1.1","1.3","-23.6","","","-1.0"
"2007","Rockies","13248.0","0","4","0","8","-3","1","28","","34","0.9","5.5","-22.2","18.8","2.9","1.0","","","","-1.1"
"2019","Giants","13221.0","12","-1","-1","-7","-1","-1","0","22","24","-7.6","-4.5","16.8","0.8","5.6","-1.1","6.9","18","14","-1.2"
"2016","Pirates","13056.0","2","6","-1","2","10","-8","-30","26","-6","10.0","-1.2","-26.0","-8.2","-25.4","-1.9","8.5","-2","-4","-1.3"
"2012","Yankees","13008.0","23","-3","0","0","-10","5","-6","0","-2","-7.6","-2.3","1.3","8.8","0.2","-1.7","29.2","","","-1.4"
"2009","Diamondbacks","13029.0","0","6","-3","-2","-11","-20","20","","-12","-1.2","-0.6","16.9","-9.6","5.4","0.4","18.8","","","-1.7"
"2006","Devil Rays","12783.0","0","-1","-6","4","2","-9","-28","","-35","-0.2","-3.5","17.4","-12.5","1.2","-0.3","","","","-1.8"
"2019","Brewers","13134.0","15","-2","-4","2","-4","9","7","12","26","-0.4","2.4","15.2","-7.2","10.0","1.6","23.3","4","4","-1.9"
"2012","Rangers","12978.0","-9","-4","-7","3","1","-4","8","0","-12","-3.0","4.0","12.5","-2.4","11.1","1.2","-14.6","","","-2.1"
"2020","Yankees","4506.0","0","-2","3","-3","4","-3","-7","9","-2","4.3","-1.1","-8.6","0.6","-4.8","0.9","0.4","-9","-7","-2.5"
"2010","Blue Jays","12966.0","-1","-2","0","3","1","-4","9","2","7","3.9","3.1","-9.6","1.7","-0.9","0.7","10.9","","","-2.6"
"2008","Orioles","12798.0","0","2","-2","-3","16","2","-32","","-22","12.2","-5.1","0.4","3.5","10.9","2.8","3.3","","","-2.6"
"2014","Giants","13041.0","15","1","-1","9","-2","1","-4","8","20","-1.9","4.7","3.6","-4.8","1.7","0.2","19.6","","","-2.7"
"2022","Braves","13032.0","2","0","0","-4","-4","2","13","23","31","-3.6","-1.9","-15.9","-5.8","-27.3","-5.2","5.8","6","3","-2.7"
"2011","Nationals","13044.0","23","-1","4","0","19","4","-19","0","24","13.2","0.0","-23.7","-1.4","-11.8","0.6","20.2","","","-2.7"
"2021","Cubs","12714.0","-5","6","-3","6","-3","1","12","18","29","-5.8","3.5","-3.7","8.5","2.4","-0.4","-4.3","11","7","-2.8"
"2019","Royals","12825.0","-4","2","3","1","-4","4","-22","-2","-23","-2.4","3.8","0.7","18.2","20.3","2.3","-3.7","-16","-11","-2.8"
"2021","Padres","12870.0","-5","-2","-5","6","-2","7","14","9","16","-5.6","3.9","-16.6","6.0","-12.3","-2.4","-2.7","10","7","-3.0"
"2007","Orioles","12948.0","0","0","-3","-3","3","3","-13","","-12","-1.2","-6.3","0.1","9.1","1.7","-0.5","","","","-3.3"
"2013","Rockies","12924.0","-16","1","-3","2","-12","0","-10","-4","-34","0.5","0.1","-11.5","10.0","-1.0","0.0","-11.0","","","-3.4"
"2009","Athletics","13026.0","0","1","1","-2","3","9","-48","","-34","-0.3","-3.8","1.8","-6.9","-9.1","-1.5","-14.6","","","-3.4"
"2014","Mariners","13068.0","23","-4","2","-1","-2","-7","14","-4","8","-10.9","3.4","-3.0","9.5","-0.9","-2.3","17.3","","","-3.5"
"2018","Mariners","13038.0","3","4","2","11","6","1","-35","17","7","-4.0","7.4","-14.9","1.1","-10.4","-1.4","6.9","-13","-10","-3.5"
"2011","Cubs","12909.0","2","-1","0","-7","9","-6","-32","-1","-34","2.6","-4.7","5.9","-11.4","-7.7","-1.2","3.9","","","-3.6"
"2015","Mets","13164.0","17","0","-2","-2","1","4","-9","-12","-11","3.6","-5.5","4.0","-1.8","0.3","0.3","14.9","","","-3.7"
"2006","Rangers","12882.0","0","-1","5","5","11","9","-22","","12","5.1","-3.1","-21.9","8.0","-11.9","-1.0","","","","-3.9"
"2018","Padres","13113.0","2","0","-2","-6","-5","-5","33","5","33","-8.8","-6.4","-20.0","9.0","-26.2","-5.5","4.1","8","8","-4.1"
"2018","White Sox","12933.0","-18","0","-3","2","8","-5","-29","20","-39","1.1","3.9","-3.4","-20.3","-18.6","-2.3","-15.8","-1","0","-4.1"
"2019","Marlins","12999.0","-1","-6","0","3","-10","3","-7","23","10","3.4","2.4","4.1","-10.9","-1.0","0.9","-7.4","-10","-10","-4.1"
"2016","Orioles","12888.0","-5","3","0","9","-12","10","-9","5","1","-10.7","4.8","-19.1","12.5","-12.5","-3.2","-3.5","4","1","-4.2"
"2020","Mets","4620.0","0","1","0","-4","4","-2","-11","-4","-21","5.2","-3.7","-10.7","7.8","-1.5","2.7","-0.9","-4","-4","-4.2"
"2020","Astros","4716.0","0","0","-1","1","-2","1","13","-1","9","-8.6","0.4","-9.6","7.9","-9.8","-8.1","-1.8","7","6","-4.3"
"2014","Diamondbacks","12999.0","19","-1","-3","1","8","-1","3","-2","17","9.8","0.5","-18.2","4.0","-4.0","1.2","20.5","","","-4.7"
"2002","Astros","13005.0","0","0","0","0","0","0","0","","0","7.8","1.1","-21.8","9.2","-3.7","0.8","","","","-4.7"
"2004","Indians","13200.0","0","-5","-4","0","-7","4","3","","-12","-2.0","2.1","5.5","-3.4","2.2","0.2","","","","-4.8"
"2009","Cardinals","12966.0","0","0","5","1","2","12","5","","34","3.5","4.8","-27.6","-1.9","-21.2","-1.8","19.1","","","-4.9"
"2020","Tigers","4431.0","-5","-1","-2","-1","-6","0","3","2","-12","-5.1","0.2","11.7","-0.9","5.9","0.6","-4.4","6","5","-5.1"
"2014","Mets","13173.0","-1","-3","-3","-4","2","-7","30","-6","12","0.5","0.0","-3.0","3.8","1.3","0.3","1.7","","","-5.1"
"2020","Athletics","4638.0","2","0","0","-3","2","1","-18","-8","-23","1.6","-0.8","3.2","11.6","15.6","5.3","1.6","-9","-6","-5.2"
"2016","Braves","13029.0","9","2","-8","-2","9","-5","-18","9","-14","5.2","0.3","-8.0","-8.0","-10.4","-0.3","-0.7","4","4","-5.2"
"2018","Indians","13116.0","13","2","-3","-1","2","2","-26","15","0","11.5","-1.3","11.9","5.4","27.5","6.1","8.1","-13","-12","-5.3"
"2006","Rockies","13026.0","0","-1","4","10","10","5","-5","","23","14.8","8.8","-44.1","10.2","-10.3","1.8","","","","-5.3"
"2020","Blue Jays","4722.0","-5","0","0","-1","1","3","-39","4","-37","2.8","1.1","-9.2","-0.7","-6.0","-1.5","-1.4","-13","-11","-5.4"
"2020","Giants","4659.0","3","0","-1","-4","-3","2","-1","7","3","-3.6","-2.4","3.0","-6.0","-9.0","-4.3","1.0","2","0","-5.6"
"2020","Reds","4536.0","4","1","1","0","1","0","-7","7","5","1.3","-0.6","-2.9","-3.8","-6.0","-2.1","1.7","-10","-8","-5.8"
"2011","Rockies","13029.0","-12","4","6","2","-7","-6","31","2","23","-3.0","4.2","-18.9","9.9","-7.8","-1.3","-12.9","","","-5.8"
"2006","Reds","13011.0","0","3","2","-5","9","-9","-48","","-47","8.2","1.1","-7.5","-14.6","-12.8","-0.2","","","","-5.8"
"2018","Rockies","13071.0","8","0","-1","3","-6","0","19","21","39","-1.6","3.9","-13.9","15.7","4.1","0.6","10.8","-5","-6","-5.9"
"2002","Brewers","12891.0","0","0","0","0","0","0","0","","0","-0.7","-5.0","-0.9","5.5","-1.1","-0.7","","","","-6.1"
"2009","Padres","13056.0","0","0","2","0","-19","0","13","","-6","-10.0","0.6","1.3","-0.5","-8.6","-2.8","1.4","","","-6.1"
"2013","Padres","13095.0","6","-5","6","-3","-7","2","9","-1","-4","-5.8","-7.4","-16.6","14.6","-15.2","-3.8","-3.0","","","-6.4"
"2012","Orioles","13347.0","-1","3","4","0","-1","-6","-12","8","4","-4.3","0.4","-7.0","-7.4","-18.3","-3.2","2.6","","","-6.5"
"2022","Twins","12933.0","10","-1","-2","2","7","6","2","8","27","6.8","-0.6","-0.3","-6.0","-0.1","0.8","6.0","-16","-9","-6.8"
"2013","Indians","12972.0","2","1","5","0","5","-2","-39","5","-31","8.5","2.4","-17.9","-1.1","-8.2","0.4","-4.9","","","-6.8"
"2002","Rockies","12840.0","0","0","0","0","0","0","0","","0","4.3","-1.3","5.8","-7.6","1.2","0.7","","","","-6.8"
"2020","Marlins","4536.0","-4","-2","0","1","1","-1","-1","5","0","0.4","1.7","-3.8","2.2","0.5","0.2","-4.4","-13","-10","-6.8"
"2002","Red Sox","13014.0","0","0","0","0","0","0","0","","0","-14.5","-1.2","2.1","0.6","-13.0","-4.7","","","","-7.0"
"2020","Orioles","4668.0","-5","2","0","0","2","-3","-6","9","2","-1.1","-0.4","2.6","-6.7","-5.6","-2.4","-8.2","-9","-7","-7.0"
"2008","Nationals","12906.0","0","2","-1","-1","-13","-19","31","","-7","-9.1","-0.5","24.2","-13.1","1.5","-1.3","2.9","","","-7.1"
"2022","Cubs","12993.0","-7","-1","4","5","3","-4","-17","17","4","7.0","-0.3","-4.2","-2.6","-0.1","1.3","-5.9","-24","-19","-7.1"
"2010","Orioles","12927.0","7","0","2","0","14","-3","-32","0","-13","9.2","0.5","-22.3","-2.0","-14.6","-0.3","12.8","","","-7.2"
"2003","Pirates","12999.0","0","8","-4","0","-15","0","2","","0","-8.9","2.8","4.6","-3.9","-5.3","-1.7","","","","-7.3"
"2011","Twins","12795.0","-5","-3","2","-2","-3","-4","-44","-1","-53","-1.6","-2.1","-3.5","-5.6","-12.8","-2.0","3.5","","","-7.7"
"2012","Tigers","12876.0","-8","1","-2","4","-10","0","-16","5","-29","-11.0","0.1","1.6","6.4","-2.9","-2.5","-6.7","","","-7.7"
"2017","Dodgers","13002.0","25","1","4","1","0","2","22","22","65","2.2","3.1","21.7","-4.4","22.7","4.4","25.9","-22","-18","-7.7"
"2008","Marlins","12918.0","0","1","-4","-3","1","-1","12","","-10","-3.2","-0.3","15.9","-8.2","4.2","0.0","-19.3","","","-7.8"
"2014","Padres","12948.0","18","0","1","-10","-9","-6","50","4","42","-7.1","-9.0","14.2","-2.8","-4.8","-3.0","33.4","","","-7.8"
"2005","Rockies","12768.0","0","0","0","-5","-7","0","-13","","-31","-1.3","-5.1","0.9","-0.6","-6.0","-1.3","","","","-8.0"
"2004","Orioles","13098.0","0","2","2","0","-10","-8","-31","","-43","-4.3","2.2","-10.0","1.1","-11.0","-2.0","","","","-8.0"
"2012","Nationals","13215.0","3","0","-3","3","1","-2","-10","-1","-16","3.4","-0.6","-5.6","3.9","0.9","0.7","-1.3","","","-8.1"
"2019","White Sox","12714.0","-15","2","1","7","-3","-3","-44","26","-27","-1.0","5.6","-12.9","-10.9","-19.2","-2.5","-18.4","-16","-14","-8.1"
"2009","Yankees","13050.0","0","-6","-1","-8","-1","-10","3","","-22","-11.7","-4.9","10.1","1.7","-4.7","-3.3","-0.7","","","-8.5"
"2022","Rangers","12915.0","9","4","-1","-4","2","-13","3","13","5","3.4","-6.4","-3.1","6.3","0.2","0.2","11.2","-5","-3","-8.7"
"2005","Pirates","12924.0","0","2","-1","10","-11","3","19","","23","-16.8","8.0","0.7","-2.7","-10.8","-3.7","","","","-8.8"
"2017","Padres","12876.0","6","2","0","3","-1","-1","-1","1","16","2.9","3.1","-28.7","-8.8","-31.5","-3.3","4.4","-30","-21","-8.8"
"2017","Diamondbacks","12969.0","9","-1","-1","-1","-14","0","25","0","17","-10.2","-1.6","0.2","-10.1","-21.7","-5.6","3.5","1","0","-8.9"
"2021","Mariners","12963.0","-1","0","0","6","-6","-5","6","1","-1","-7.7","6.9","-14.3","1.6","-13.5","-2.5","-4.8","-6","-6","-9.0"
"2016","Reds","12978.0","-16","-6","3","-3","1","10","-22","14","-14","-0.8","-6.8","14.1","-5.3","1.2","-0.5","-19.8","-12","-7","-9.2"
"2007","Rangers","12870.0","0","-1","3","1","1","-14","1","","-4","0.0","-3.4","-3.2","-7.7","-14.3","-2.1","","","","-9.3"
"2007","Indians","13164.0","0","0","4","-1","-6","-5","10","","6","-2.6","-3.9","-14.1","2.3","-18.3","-3.2","","","","-9.3"
"2003","Expos","12939.0","0","1","3","-1","17","0","-20","","7","18.0","-4.3","-35.5","2.3","-19.4","0.2","","","","-9.4"
"2004","Reds","12993.0","0","3","4","-9","18","0","-11","","0","7.0","-3.4","-16.4","-1.7","-14.6","-1.2","","","","-9.6"
"2020","Rangers","4650.0","-2","1","0","1","0","3","10","-1","10","-2.9","-0.9","0.0","-5.0","-8.8","-4.5","-1.6","-7","-5","-9.6"
"2010","Brewers","12951.0","29","-1","-4","3","-2","4","4","0","20","-6.3","2.1","-3.8","1.6","-6.3","-1.5","35.9","","","-9.7"
"2018","Nationals","13014.0","-5","0","2","-5","-2","0","-5","1","-7","-5.1","-6.4","-15.0","13.5","-13.0","-3.5","-6.7","-2","-4","-9.8"
"2009","Braves","13164.0","0","-3","5","2","-3","-13","6","","0","2.5","3.2","-28.0","2.5","-19.8","-1.9","38.2","","","-9.8"
"2010","Astros","12954.0","5","0","5","-1","-9","-6","-24","3","-27","-5.9","-3.6","-2.6","-2.2","-14.3","-3.2","4.0","","","-9.9"
"2015","Mariners","13167.0","14","-2","2","-4","-11","-3","-42","-12","-61","-9.2","-0.1","-17.2","10.6","-16.0","-3.5","14.3","","","-10.0"
"2016","Tigers","12852.0","-6","0","5","4","-18","1","-44","-2","-57","-14.5","3.2","-13.7","16.4","-8.5","-3.1","-12.6","-4","-7","-10.0"
"2021","Phillies","12768.0","-2","-1","-2","1","5","-2","-50","-4","-54","2.1","4.8","-17.8","3.8","-7.2","-0.2","6.2","-22","-18","-10.1"
"2013","Athletics","13068.0","-6","0","-3","-7","-7","-3","-27","-5","-63","-5.2","-10.6","22.9","-7.8","-0.7","-2.0","-6.0","","","-10.3"
"2010","Cubs","12930.0","-4","1","-6","-2","-1","-15","-10","2","-46","2.0","-0.7","14.9","-22.1","-5.8","-0.5","-0.3","","","-10.5"
"2012","Marlins","12966.0","-13","2","-3","3","-7","-10","-32","-2","-62","-0.9","4.2","-10.7","-2.6","-10.1","-1.2","-12.5","","","-10.5"
"2013","Pirates","13236.0","7","6","3","-4","1","4","20","15","45","-1.6","-7.4","0.6","-8.6","-17.1","-3.1","9.4","","","-10.5"
"2005","Orioles","12849.0","0","-1","-4","2","-4","4","16","","5","-4.2","0.1","7.8","-2.2","1.4","-0.6","","","","-10.6"
"2002","Cubs","12972.0","0","0","0","0","0","0","0","","0","-10.8","4.1","2.3","-5.1","-9.6","-2.8","","","","-10.6"
"2014","Tigers","13086.0","-12","-2","1","1","-10","2","-42","-8","-68","-6.5","0.2","-14.2","3.4","-17.1","-3.1","-15.0","","","-11.1"
"2002","Phillies","13047.0","0","0","0","0","0","0","0","","0","-3.1","-6.6","-8.8","12.1","-6.3","-1.9","","","","-11.3"
"2012","Cardinals","13164.0","17","2","7","1","0","5","-14","1","26","-5.1","-0.7","-18.7","-4.1","-28.7","-4.6","15.2","","","-11.5"
"2006","Phillies","13143.0","0","0","-2","6","5","2","-8","","-4","1.5","2.5","-13.4","2.9","-6.6","-0.3","","","","-11.6"
"2010","Angels","13044.0","13","-4","-3","-4","3","2","-8","1","-4","11.9","-2.6","-3.1","-7.1","-0.9","1.6","-0.4","","","-11.6"
"2020","Phillies","4473.0","-4","-2","0","0","-5","-3","-24","2","-33","-3.6","1.6","-10.1","1.5","-10.7","-5.8","-0.1","-16","-13","-11.9"
"2014","Pirates","13107.0","16","2","6","3","4","-2","3","8","37","-2.1","0.8","-17.2","-3.6","-22.1","-3.6","17.4","","","-12.1"
"2011","Phillies","13293.0","-10","-3","-5","0","-3","-3","-30","0","-56","-1.3","-4.5","-10.4","11.3","-4.9","-1.4","-11.1","","","-12.1"
"2004","Giants","13113.0","0","1","-4","-10","-21","-7","-7","","-48","-10.2","-5.9","6.2","0.8","-9.1","-3.3","","","","-12.1"
"2005","Dodgers","12846.0","0","0","-5","-5","5","0","20","","12","6.2","-1.3","0.0","-5.0","-0.2","1.1","","","","-12.2"
"2022","Angels","12921.0","-3","-2","-2","0","-4","-10","10","26","10","-7.0","1.2","4.1","-5.8","-7.4","-2.0","-6.3","0","1","-12.2"
"2009","Red Sox","12930.0","0","2","-10","3","-9","7","-32","","-56","-4.5","3.3","-0.4","7.8","6.2","0.6","-6.6","","","-12.3"
"2021","Brewers","12924.0","5","0","2","-4","3","2","23","31","61","3.3","-4.7","30.9","1.5","31.1","4.5","12.5","-17","-11","-12.3"
"2021","Diamondbacks","12756.0","-7","3","-3","-4","-2","-2","-38","17","-37","-0.5","-3.1","0.6","-1.4","-4.4","-1.0","-2.6","-12","-10","-12.3"
"2008","Twins","13131.0","0","1","-3","5","4","0","-35","","-25","-4.7","1.7","-4.8","-6.1","-13.9","-2.4","4.7","","","-12.4"
"2006","Marlins","12900.0","0","-1","5","3","2","-15","-16","","-13","-2.6","1.1","-17.2","-8.2","-26.9","-4.0","","","","-12.9"
"2011","Tigers","12960.0","3","2","-3","5","3","2","3","0","12","3.3","3.6","-15.1","3.4","-4.8","0.2","-6.3","","","-13.0"
"2022","Reds","12810.0","-3","-3","-1","1","2","-3","-24","2","-35","6.1","3.0","-11.1","-2.0","-4.0","0.8","-3.5","-21","-16","-13.2"
"2003","Orioles","13047.0","0","-5","-4","2","-4","0","5","","-12","-4.0","2.8","-0.8","0.7","-1.2","-0.7","","","","-13.2"
"2018","Rays","13035.0","-5","1","-5","3","4","3","19","24","40","-3.3","-1.1","20.5","-7.2","8.9","0.4","-12.1","-4","-2","-13.4"
"2017","Pirates","12966.0","-11","0","0","4","5","0","-1","31","24","4.0","1.6","3.0","-10.1","-1.5","0.6","-16.5","-18","-16","-13.5"
"2015","Nationals","12912.0","6","2","1","1","1","-4","-22","-8","-23","-8.5","-0.2","-11.3","-0.1","-20.2","-4.4","-4.5","","","-14.2"
"2002","White Sox","12807.0","0","0","0","0","0","0","0","","0","-10.9","-0.2","4.4","-5.5","-12.2","-3.7","","","","-14.2"
"2016","Diamondbacks","13062.0","-7","0","3","3","-20","4","-2","-4","-24","-10.4","2.7","-16.3","-0.5","-24.5","-4.6","-11.8","-10","-12","-14.3"
"2011","Astros","12915.0","2","1","-2","-3","7","18","-5","0","12","1.0","1.3","-11.7","-3.0","-12.4","-1.4","6.6","","","-14.3"
"2008","Royals","13011.0","0","-1","-4","8","-13","-3","-47","","-63","-10.4","-0.1","1.1","-0.9","-10.4","-3.2","0.1","","","-14.9"
"2015","Phillies","12927.0","-6","0","-1","-2","-4","-6","-64","-13","-98","3.4","-0.9","-9.4","-8.1","-15.0","-1.3","-18.3","","","-15.0"
"2017","Giants","13068.0","-2","-1","1","-2","-9","-6","-13","-2","-30","-6.6","-1.6","3.8","6.6","2.2","-1.0","-1.3","-13","-12","-15.0"
"2012","Brewers","13083.0","30","-2","-3","-4","-3","5","6","1","24","-4.4","-8.0","-6.2","0.6","-17.9","-4.1","32.6","","","-15.2"
"2013","Cardinals","13137.0","14","5","1","5","-18","-3","-26","-22","-38","-23.1","4.6","-18.2","8.9","-27.8","-8.5","19.8","","","-15.4"
"2003","Reds","13017.0","0","0","-1","-3","2","0","7","","-4","5.2","-3.2","-2.9","-10.7","-11.6","-0.9","","","","-15.6"
"2012","Padres","12912.0","7","1","1","-8","-9","1","-18","5","-24","-3.0","-10.0","2.4","-3.6","-14.2","-3.9","2.2","","","-15.7"
"2015","Yankees","13119.0","-2","-1","0","-1","-8","-4","-23","7","-32","-12.4","-0.9","-7.2","0.8","-19.7","-4.7","-0.4","","","-15.7"
"2022","Rockies","12828.0","-12","0","-2","3","-5","-6","20","11","9","-6.5","0.7","10.0","9.7","13.9","0.3","-9.1","-2","-5","-15.8"
"2002","Rangers","12957.0","0","0","0","0","0","0","0","","0","-2.9","-3.5","-4.4","4.0","-6.8","-1.6","","","","-15.8"
"2010","Marlins","12945.0","-5","1","0","-3","10","7","-52","2","-40","9.2","-3.6","-13.9","-9.6","-17.9","-1.5","-14.1","","","-16.4"
"2004","Marlins","12951.0","0","1","-3","2","-8","8","17","","9","-14.6","6.0","-11.6","12.8","-7.5","-3.2","","","","-16.5"
"2018","Giants","13152.0","-9","0","-2","0","-10","1","-15","23","-6","-12.2","-0.6","-2.6","-1.7","-17.1","-4.3","-9.6","-1","-2","-16.6"
"2002","Athletics","13068.0","0","0","0","0","0","0","0","","0","-11.8","-1.9","-14.1","1.0","-26.8","-6.0","","","","-16.8"
"2015","Reds","13080.0","-4","1","-4","-2","-1","0","-10","11","-15","2.0","-3.8","-6.6","0.6","-7.9","-0.9","-5.9","","","-16.9"
"2020","Nationals","4533.0","-5","-2","-4","0","-3","0","-23","-5","-45","-0.3","-0.6","-11.2","-4.5","-16.5","-6.3","-3.9","-12","-9","-16.9"
"2004","Padres","12969.0","0","-2","1","1","-5","3","-12","","-17","-4.0","4.8","-13.2","-5.8","-18.2","-2.5","","","","-17.2"
"2021","Dodgers","13068.0","15","-1","1","-4","-5","-1","6","34","36","-3.8","-0.8","10.3","-18.4","-12.7","-3.5","4.4","-10","-9","-17.2"
"2008","Mariners","12918.0","0","2","-5","3","11","10","-6","","16","8.3","4.0","-27.6","2.5","-12.9","-0.1","-16.2","","","-17.4"
"2015","Astros","12969.0","9","0","-3","1","9","4","24","-4","31","0.6","-3.0","-5.1","-5.0","-12.5","-2.5","11.2","","","-17.5"
"2003","Mets","12720.0","0","1","-1","-1","2","0","-44","","-41","1.8","-0.7","-16.7","-7.0","-22.5","-2.7","","","","-17.5"
"2019","Twins","13170.0","1","0","-5","-2","13","-1","-53","17","-29","7.1","-1.3","7.7","-23.4","-9.9","-1.1","3.4","-23","-18","-17.7"
"2015","Rockies","12837.0","-17","-6","-1","5","-20","5","-6","5","-36","-11.9","-0.3","-6.4","1.7","-16.9","-4.1","-18.5","","","-17.9"
"2019","Mets","13149.0","-11","-2","-2","1","7","-10","-16","-1","-44","2.5","4.5","-24.5","4.7","-12.8","-0.8","-5.1","-15","-11","-18.2"
"2011","Braves","13317.0","31","-1","0","-2","-8","-8","21","2","23","-3.7","0.5","-21.8","5.9","-19.2","-3.2","39.6","","","-18.7"
"2008","Braves","12966.0","0","6","1","-7","2","-5","26","","22","0.1","-6.7","-14.0","1.1","-19.4","-3.1","35.9","","","-18.7"
"2013","White Sox","13095.0","3","2","3","4","0","-10","-43","-16","-59","-1.0","3.8","-7.6","-10.6","-15.4","-1.7","4.0","","","-18.7"
"2017","Nationals","13020.0","-5","2","-1","-3","3","-10","-5","-6","-33","-1.9","-0.5","6.4","2.4","6.3","0.4","-8.8","-15","-13","-18.7"
"2007","Athletics","13032.0","0","11","-1","5","-8","-13","14","","7","-16.9","-1.5","-1.5","4.1","-15.8","-5.3","","","","-18.8"
"2013","Nationals","13011.0","2","0","-4","4","-6","11","-18","-5","-17","0.6","6.6","-12.2","-11.6","-16.5","-1.2","-1.5","","","-19.0"
"2011","Marlins","13137.0","-16","0","-3","-1","6","-11","-42","1","-69","1.8","0.0","-12.9","-2.9","-14.0","-1.5","-18.1","","","-19.2"
"2014","Phillies","13215.0","-12","5","4","-5","1","-9","-27","8","-33","-6.8","-9.2","-18.3","7.0","-27.3","-5.6","-11.0","","","-19.5"
"2016","Dodgers","13077.0","13","1","0","-8","-2","-8","37","18","56","-6.7","-5.7","22.1","8.5","18.3","0.1","26.5","-13","-9","-19.6"
"2016","Cardinals","13035.0","-3","4","-5","3","-10","-2","-5","6","-10","-10.5","1.8","-21.7","-3.9","-34.3","-5.9","8.0","-6","-5","-19.7"
"2005","Red Sox","12861.0","0","-8","-7","1","8","-4","-28","","-35","1.0","0.8","-14.0","0.5","-11.8","-1.3","","","","-19.8"
"2010","Braves","12954.0","11","-5","5","4","-6","-2","20","3","26","-4.5","2.6","-25.1","-6.2","-33.2","-5.1","26.1","","","-20.0"
"2021","White Sox","12630.0","-7","-2","-4","4","3","-15","-16","12","-40","-0.3","4.0","-5.7","11.3","9.3","1.5","-13.4","-11","-10","-20.0"
"2012","Twins","12948.0","-21","-4","-4","6","-5","0","38","1","15","-5.0","6.7","-8.6","-5.3","-12.2","-1.6","-22.5","","","-20.3"
"2015","Pirates","13407.0","18","-1","-1","4","15","-5","-3","10","24","7.3","3.7","-4.8","-16.6","-10.4","0.0","26.9","","","-20.4"
"2021","Red Sox","12771.0","4","1","-3","3","18","4","-45","24","4","13.7","1.1","-10.8","-9.1","-5.1","1.4","0.4","-38","-29","-20.5"
"2016","Brewers","12909.0","4","-5","5","-3","1","-4","-3","34","24","0.2","-3.1","-28.9","-19.6","-51.4","-7.8","4.8","-33","-27","-20.6"
"2014","Rockies","12879.0","-16","-3","-3","0","-8","-5","22","1","-10","-10.3","-1.6","-14.2","16.2","-9.9","-3.1","-14.2","","","-20.6"
"2017","Braves","12972.0","28","-2","-2","3","-3","-10","-20","7","-6","-2.1","0.8","-12.0","3.7","-9.6","-1.5","9.4","-24","-19","-20.7"
"2015","Padres","12963.0","7","0","2","0","-10","5","-17","-4","-20","-9.5","-1.0","-15.3","2.1","-23.7","-5.3","21.5","","","-20.7"
"2007","Pirates","13029.0","0","2","-2","8","1","4","-38","","-24","1.2","3.4","-33.6","11.0","-18.0","-1.9","","","","-21.0"
"2022","Phillies","12855.0","-2","0","8","-5","-4","-2","-32","-3","-33","-3.5","-0.7","-24.1","17.9","-10.5","-2.0","-4.0","-38","-33","-21.4"
"2012","Astros","12810.0","1","0","-1","-3","3","-9","-51","4","-68","3.0","-6.6","-8.2","5.6","-6.1","-1.1","-0.5","","","-21.4"
"2011","Athletics","13029.0","-13","-2","2","2","-5","7","-35","3","-41","-6.8","3.2","-6.3","-12.9","-22.8","-4.2","-13.7","","","-21.5"
"2006","White Sox","13041.0","0","4","-2","2","-7","-11","-17","","-36","-14.3","-2.0","-4.9","5.4","-15.9","-4.9","","","","-21.9"
"2019","Rangers","12942.0","-9","3","-2","0","-7","-11","-42","4","-65","-12.4","-1.1","3.0","-0.5","-11.1","-3.2","-10.8","-7","-7","-21.9"
"2010","Rockies","12978.0","-7","2","9","4","-12","-2","18","3","28","-8.1","5.5","-28.5","0.5","-30.6","-5.2","-6.2","","","-22.0"
"2022","Red Sox","12879.0","2","2","-1","1","0","-8","-25","37","-4","-2.5","-2.4","-17.2","6.7","-15.4","-2.5","5.8","-13","-12","-22.0"
"2009","Rockies","12945.0","0","1","-3","2","-6","6","16","","12","-5.7","2.3","-25.9","10.4","-18.8","-3.1","1.7","","","-22.0"
"2018","Dodgers","13284.0","25","-1","-1","-8","0","3","33","11","55","-0.6","-7.1","-2.2","-7.7","-17.6","-3.6","17.9","-17","-14","-22.1"
"2020","Angels","4728.0","1","1","-1","-1","-4","1","-18","-2","-25","-4.9","0.9","-2.8","-1.5","-8.3","-5.1","1.6","-19","-16","-22.5"
"2002","Padres","12927.0","0","0","0","0","0","0","0","","0","5.0","0.2","-19.5","-7.2","-21.5","-2.0","","","","-22.5"
"2011","Pirates","13044.0","-16","-2","-1","-5","-9","-7","-6","3","-40","-6.2","-6.2","-6.3","0.5","-18.2","-3.5","-25.6","","","-23.2"
"2022","Pirates","12789.0","5","-3","0","0","-13","5","-9","19","2","-2.8","0.8","8.3","-25.4","-19.2","-3.1","5.0","-22","-19","-23.4"
"2005","Padres","13098.0","0","7","-1","0","-13","-7","-21","","-47","-5.6","0.3","-9.1","-1.0","-15.4","-2.9","","","","-23.4"
"2015","White Sox","13074.0","24","1","-3","6","8","2","-53","-4","-24","-3.3","6.4","-26.1","1.5","-21.5","-2.6","18.5","","","-23.5"
"2016","Mets","13023.0","9","-2","-2","-2","3","7","-17","12","3","3.7","4.6","-7.3","3.7","4.7","1.8","19.5","-31","-23","-23.6"
"2019","Blue Jays","12963.0","12","5","3","-7","-2","-2","8","24","40","-3.4","-4.2","-20.8","3.5","-24.9","-4.1","12.0","-31","-24","-23.6"
"2021","Orioles","12618.0","-19","6","1","-11","-1","-9","-25","17","-30","0.1","-4.4","-11.0","11.5","-3.9","-0.7","-21.3","-30","-23","-23.6"
"2008","Pirates","13095.0","0","0","4","1","-7","6","-15","","-13","-5.1","-2.5","-18.1","1.1","-24.6","-3.9","-59.9","","","-23.7"
"2002","Royals","12969.0","0","0","0","0","0","0","0","","0","3.2","1.7","-21.2","-3.4","-19.8","-1.8","","","","-23.8"
"2002","Marlins","13107.0","0","0","0","0","0","0","0","","0","0.9","1.5","-32.8","-0.6","-31.0","-3.8","","","","-24.0"
"2006","Nationals","12927.0","0","-7","-5","-13","8","-2","-29","","-50","6.1","-6.8","1.2","-15.6","-15.1","-2.0","","","","-24.1"
"2021","Nationals","12549.0","-10","1","3","-1","3","11","-23","24","12","-3.4","-0.6","-5.4","-13.3","-22.7","-3.8","-6.8","-24","-20","-24.2"
"2009","Orioles","12861.0","0","-1","-7","1","16","21","-40","","-9","15.4","0.1","-43.0","4.5","-23.0","-0.4","9.1","","","-24.3"
"2019","Pirates","12960.0","-8","-5","2","3","-3","2","-33","18","-21","-6.7","2.6","-33.5","-16.4","-54.0","-8.4","-7.1","-29","-23","-24.5"
"2011","Cardinals","13158.0","10","-6","-1","1","-7","4","-3","-1","-5","-8.0","3.2","-18.2","-11.6","-34.7","-5.7","15.0","","","-24.6"
"2018","Yankees","13107.0","15","3","0","-6","6","-2","5","17","30","13.1","-6.8","-4.3","-1.9","0.1","1.7","10.0","-39","-30","-24.9"
"2018","Mets","13146.0","-9","-1","-6","0","-3","2","-11","-2","-33","-3.8","2.1","-30.6","0.3","-32.1","-5.0","-9.0","-14","-12","-24.9"
"2016","Rays","12837.0","8","1","-2","1","1","1","-12","20","16","-3.4","-2.1","9.1","-7.0","-3.4","-1.2","10.7","-22","-15","-25.1"
"2021","Pirates","12567.0","5","2","0","4","-11","4","-8","-9","-9","-14.4","0.4","-8.0","12.8","-9.3","-3.5","7.2","-11","-9","-25.6"
"2006","Diamondbacks","13137.0","0","1","-1","7","-13","0","14","","5","-10.8","6.1","-23.1","0.2","-27.7","-5.0","","","","-25.7"
"2004","Tigers","12957.0","0","1","1","4","-4","-9","-29","","-39","-8.2","4.5","-15.2","-7.8","-26.7","-4.5","","","","-25.7"
"2009","Marlins","13017.0","0","-1","-3","-5","-4","-16","-32","","-69","-2.2","-3.2","0.3","-10.9","-16.1","-2.9","-2.4","","","-25.7"
"2016","Athletics","12900.0","-15","3","-5","1","-8","-10","-40","-2","-70","-7.6","-1.6","-24.9","-2.7","-36.8","-5.9","-19.4","-20","-14","-25.7"
"2013","Blue Jays","13068.0","11","4","-5","3","16","3","-5","-11","12","-1.6","1.8","-12.4","-8.8","-21.0","-2.7","3.5","","","-25.9"
"2021","Tigers","12777.0","-13","0","4","-7","-6","-10","-57","47","-35","-11.4","-6.7","-13.9","-3.8","-35.8","-7.3","-13.0","-17","-14","-25.9"
"2019","Yankees","12987.0","0","-1","2","-2","2","4","-22","5","-18","-0.2","1.6","1.6","-0.2","2.7","0.5","-5.3","-36","-27","-26.3"
"2018","Cardinals","13098.0","-5","-2","-3","-2","-8","-8","16","11","-2","-2.1","3.7","26.0","-14.6","13.0","1.6","-1.2","-37","-27","-26.6"
"2015","Athletics","13002.0","-16","6","2","-2","-4","-17","6","4","-13","-10.0","0.6","-4.8","-18.7","-32.8","-5.9","-14.5","","","-26.8"
"2007","Astros","13182.0","0","2","-6","-9","-5","-2","-25","","-40","-1.7","-5.2","-11.9","-5.2","-24.1","-3.9","","","","-27.1"
"2019","Padres","12888.0","25","5","0","-4","-1","-8","-15","8","-1","-8.1","-2.0","14.8","-1.5","3.2","-1.6","15.7","-25","-17","-27.4"
"2007","Dodgers","13050.0","0","3","7","-1","-22","17","-17","","-4","-17.9","-0.9","-17.6","-3.1","-39.5","-9.0","","","","-27.5"
"2004","Mets","13041.0","0","2","-6","-4","1","-4","-10","","-23","-5.9","-1.0","8.9","-23.2","-21.2","-3.8","","","","-28.2"
"2012","Mets","12906.0","10","5","-3","-2","-4","-6","-32","2","-33","-8.1","-2.0","-14.7","0.8","-24.0","-5.1","8.9","","","-28.5"
"2012","Rockies","12798.0","-23","2","-1","-6","0","-24","-65","1","-115","7.8","-3.0","-15.9","-3.7","-14.8","-1.0","-21.0","","","-28.5"
"2013","Tigers","13164.0","4","3","-11","3","-5","-5","-45","-8","-72","-9.7","1.5","-12.5","11.1","-9.6","-2.7","4.3","","","-28.9"
"2007","Reds","13047.0","0","3","1","3","-1","-15","-44","","-59","-7.8","1.5","-26.9","2.3","-30.9","-5.2","","","","-28.9"
"2011","Blue Jays","13128.0","-3","2","-4","-2","4","-20","17","1","-6","6.2","-2.3","-16.7","-1.8","-14.5","-1.0","-4.6","","","-28.9"
"2018","Orioles","12879.0","-12","-1","2","-5","-2","-5","-31","6","-45","0.8","3.0","-52.1","-3.6","-51.9","-6.9","-10.0","-43","-36","-29.4"
"2019","Mariners","12954.0","-7","-3","1","-7","-1","-13","-14","-6","-54","-10.0","-1.9","-8.3","-9.4","-29.5","-5.2","-6.3","-22","-16","-29.4"
"2009","Mets","12834.0","0","-1","0","-4","-2","4","10","","14","-2.9","-4.4","-20.2","-7.2","-34.7","-5.5","-17.7","","","-29.8"
"2009","White Sox","12957.0","0","0","0","0","0","0","-10","","-8","0.2","2.0","-24.0","-8.2","-30.1","-3.7","3.2","","","-30.1"
"2004","Pirates","12852.0","0","-6","1","5","6","8","-23","","-4","-3.8","7.7","-44.6","4.5","-36.2","-4.9","","","","-30.2"
"2009","Blue Jays","13059.0","0","1","5","-4","10","5","33","","46","0.5","-5.7","-48.1","12.6","-40.8","-5.7","-1.7","","","-30.2"
"2018","Tigers","12828.0","1","-3","0","5","-1","-13","-40","30","-23","0.7","-2.3","9.4","-2.7","5.0","0.5","-7.1","-19","-17","-31.1"
"2008","White Sox","13119.0","0","-4","-5","4","-6","3","-20","","-34","-1.6","2.3","-10.9","-6.3","-16.5","-2.4","-4.2","","","-31.3"
"2012","Pirates","12900.0","-16","0","-12","-1","-14","-10","24","0","-42","-13.1","-3.5","10.0","-5.3","-11.9","-4.4","-32.2","","","-31.4"
"2017","Orioles","12969.0","-5","-3","0","-2","-6","6","2","-3","-7","-13.2","-0.8","-21.5","5.6","-29.9","-6.2","-0.3","-21","-18","-31.4"
"2014","Twins","12915.0","-28","0","-9","-1","2","11","-75","8","-90","3.5","-1.2","-26.3","4.2","-19.9","-2.2","-28.2","","","-31.9"
"2004","Royals","12783.0","0","1","-1","11","-5","-8","-29","","-32","-5.0","9.1","-26.6","-9.3","-31.9","-3.8","","","","-31.9"
"2019","Tigers","12897.0","-4","2","-2","-1","-13","-13","-96","13","-116","-13.2","-1.2","-15.1","2.5","-27.1","-5.5","-7.8","-18","-16","-31.9"
"2021","Yankees","12918.0","2","-3","-2","2","4","-6","-46","17","-41","-4.5","-0.3","-0.8","1.7","-3.8","-1.4","3.0","-22","-18","-31.9"
"2008","Reds","12981.0","0","0","-2","-3","4","-1","-21","","-29","1.0","0.6","-26.6","-7.3","-32.3","-4.1","38.8","","","-32.2"
"2016","Twins","12987.0","-15","-5","-3","-2","-5","-2","-55","22","-57","-5.1","2.8","-15.5","-13.1","-30.9","-4.2","-17.6","8","6","-32.6"
"2004","Diamondbacks","12924.0","0","1","2","-12","-8","-8","19","","-7","-9.1","-5.6","-1.9","-19.1","-35.7","-6.8","","","","-32.7"
"2010","White Sox","13017.0","-4","4","2","3","-13","-3","-46","0","-56","-9.6","2.8","-31.3","-3.7","-41.8","-6.9","2.2","","","-33.1"
"2005","Mets","12921.0","0","-1","-9","4","8","1","-14","","-18","17.8","-0.4","-24.0","-7.7","-14.4","1.1","","","","-33.4"
"2003","Athletics","12975.0","0","0","2","-2","-6","0","13","","10","-11.5","-5.1","-26.5","6.7","-36.4","-8.2","","","","-33.4"
"2010","Dodgers","12975.0","4","0","2","-7","-12","-5","-39","3","-58","-8.1","-5.8","-19.4","-2.7","-36.1","-7.2","2.3","","","-33.8"
"2018","Rangers","12879.0","-17","-3","-2","3","0","-3","-15","7","-32","8.4","2.0","12.7","2.6","25.6","4.0","-23.8","10","8","-34.2"
"2014","White Sox","12969.0","3","4","-1","8","-3","3","-48","-5","-45","-2.3","7.6","-28.2","-2.6","-25.6","-2.8","1.7","","","-34.4"
"2006","Red Sox","12972.0","0","0","-7","7","-1","4","-51","","-57","2.2","1.7","-43.4","17.7","-21.9","-2.3","","","","-34.9"
"2009","Twins","13077.0","0","2","-7","-2","-14","7","-38","","-52","-11.5","-3.4","-22.0","11.6","-25.3","-5.5","7.7","","","-35.2"
"2022","White Sox","13029.0","12","-3","-2","-3","-7","-8","-29","14","-35","-12.8","-1.5","-17.0","-9.2","-40.5","-7.9","12.7","-17","-16","-35.3"
"2018","Phillies","13011.0","-5","3","1","2","-9","-11","-66","-7","-89","-7.1","2.0","-29.8","-10.7","-45.6","-8.0","6.4","-37","-31","-35.4"
"2010","Indians","12897.0","-9","-2","-1","0","16","1","-14","6","-3","11.2","0.4","-41.2","-4.2","-33.8","-2.5","-18.5","","","-35.7"
"2017","Blue Jays","13185.0","9","0","-1","-1","2","9","-5","5","3","6.8","-3.0","-27.0","6.5","-16.7","-1.2","2.7","-43","-37","-35.9"
"2018","Blue Jays","12903.0","15","0","-1","-1","-2","-4","-51","8","-54","-4.8","1.3","-46.8","2.6","-47.6","-6.4","15.3","-34","-26","-36.0"
"2013","Mariners","13185.0","-10","0","-2","-4","-15","-12","-51","-4","-99","-14.3","3.4","-20.9","0.6","-31.2","-5.6","-15.2","","","-36.6"
"2002","Indians","12822.0","0","0","0","0","0","0","0","","0","-8.6","-0.3","-28.9","2.0","-35.9","-6.2","","","","-36.9"
"2022","Nationals","12705.0","-10","-3","0","-1","7","-10","-44","13","-47","1.3","2.0","-2.3","-11.0","-10.0","-0.9","-12.3","-50","-40","-37.8"
"2021","Reds","12909.0","5","-3","-1","0","-6","1","-27","7","-32","-3.5","-3.8","-11.0","1.4","-16.9","-3.5","1.4","-37","-31","-37.8"
"2007","Marlins","12993.0","0","-3","3","2","10","-10","-74","","-71","6.9","5.0","-42.2","-13.8","-44.0","-4.4","","","","-38.0"
"2009","Nationals","12819.0","0","-1","0","0","0","-22","-14","","-36","0.9","2.0","-19.1","-20.2","-36.4","-4.1","-1.3","","","-38.2"
"2011","Indians","13080.0","-31","0","2","-4","5","-15","0","3","-29","-2.5","-5.8","-30.5","-3.4","-42.2","-6.2","-49.1","","","-38.8"
"2021","Angels","12795.0","3","-1","-4","-3","-15","-1","-39","35","-29","-10.3","-2.5","-10.3","-3.1","-26.2","-5.3","3.9","-24","-20","-38.9"
"2010","Red Sox","13110.0","-16","-3","-5","0","9","-2","22","4","0","-0.9","1.6","-15.8","-3.7","-18.8","-2.5","-2.1","","","-39.4"
"2007","Yankees","13056.0","0","0","-6","12","11","-8","-16","","-16","9.1","5.6","-39.6","-0.5","-25.4","-1.1","","","","-39.4"
"2008","Yankees","12975.0","0","-3","2","-1","9","8","-55","","-41","4.9","-3.3","-47.6","3.5","-42.5","-5.1","27.9","","","-39.7"
"2007","White Sox","12966.0","0","4","-1","1","-6","-8","-56","","-63","-11.0","-3.5","-19.4","-4.9","-38.8","-7.0","","","","-39.8"
"2005","Rangers","12960.0","0","-3","-3","-3","2","-7","-22","","-42","1.8","-6.3","-34.6","3.5","-35.6","-4.8","","","","-40.6"
"2017","Athletics","12879.0","1","1","-4","-4","-9","-5","-20","3","-42","-15.0","-3.0","-11.4","-6.0","-35.4","-6.7","0.2","-21","-17","-41.0"
"2008","Padres","13125.0","0","-1","-1","-1","-10","-4","11","","-15","-13.9","-1.2","-22.8","13.1","-24.8","-6.0","-5.4","","","-41.0"
"2007","Mariners","12909.0","0","-8","0","2","2","-11","-36","","-46","5.1","1.5","-62.1","2.4","-53.1","-6.1","","","","-41.1"
"2005","Marlins","12981.0","0","3","-1","-1","1","-5","-69","","-74","7.8","5.1","-50.8","2.1","-35.7","-3.2","","","","-41.7"
"2019","Orioles","12987.0","-21","0","0","6","-18","-8","-24","14","-53","-17.5","5.7","-1.0","-16.6","-29.5","-5.9","-19.4","-33","-27","-41.9"
"2013","Angels","13119.0","-5","-2","-5","-2","-9","-15","-40","-2","-86","-9.1","-4.4","-10.7","-5.7","-29.9","-5.7","-6.9","","","-43.1"
"2004","Rockies","12918.0","0","-3","-7","-9","-16","0","13","","-22","-1.9","-4.1","-50.0","19.8","-36.2","-5.1","","","","-43.2"
"2013","Phillies","12927.0","-1","-1","-3","-1","4","5","-79","-13","-93","-1.8","-3.2","-35.3","-1.4","-41.7","-5.9","-7.2","","","-43.4"
"2005","Reds","12897.0","0","0","1","-5","14","0","-56","","-44","1.0","-3.9","-47.0","3.3","-46.6","-6.1","","","","-43.6"
"2005","Diamondbacks","13107.0","0","5","-1","1","-15","0","1","","-12","-5.5","-2.2","-44.9","8.6","-44.0","-6.8","","","","-44.0"
"2003","Royals","12948.0","0","0","2","0","4","0","-49","","-47","2.4","2.6","-49.3","-0.9","-45.2","-5.0","","","","-44.2"
"2009","Indians","12906.0","0","-4","-5","3","-4","-5","-6","","-19","-9.5","2.8","-21.1","-3.8","-31.6","-5.2","-20.8","","","-44.4"
"2003","Diamondbacks","13095.0","0","0","2","-7","-12","0","-24","","-41","-10.0","-6.0","-31.3","2.7","-44.5","-8.8","","","","-44.5"
"2012","Indians","12978.0","-25","0","-1","2","0","-9","-31","8","-58","-4.3","0.2","-26.5","-3.5","-34.1","-4.9","-38.1","","","-44.8"
"2002","Yankees","13068.0","0","0","0","0","0","0","0","","0","-9.8","-0.5","-16.6","-12.9","-39.9","-7.4","","","","-44.9"
"2003","Tigers","12948.0","0","0","-1","5","-20","0","-21","","-35","-22.5","3.7","-5.1","-18.9","-42.9","-8.4","","","","-44.9"
"2017","Mets","12912.0","-6","0","-2","-3","10","-6","-52","-3","-69","9.6","-4.1","-11.8","0.8","-5.5","0.6","2.3","-57","-44","-45.0"
"2016","Padres","12960.0","8","7","-2","-1","-15","1","4","-7","-3","-11.2","-2.0","-8.8","-1.9","-23.9","-5.3","7.6","-33","-27","-45.4"
"2022","Giants","12897.0","-9","0","-2","-8","-9","3","-59","29","-53","-9.1","-2.8","-13.6","0.0","-25.5","-5.1","-6.3","-33","-29","-46.4"
"2006","Dodgers","13143.0","0","1","-4","-6","-5","-12","-6","","-33","-2.5","-3.0","-29.5","-4.9","-39.9","-5.7","","","","-46.9"
"2011","Orioles","13020.0","1","8","5","1","2","19","-35","3","1","5.4","4.1","-66.8","-2.8","-60.1","-6.4","14.1","","","-47.5"
"2003","Red Sox","13182.0","0","-5","0","-4","3","0","-11","","-22","0.3","-5.7","-37.9","-3.1","-46.4","-6.6","","","","-49.4"
"2006","Pirates","12915.0","0","7","0","1","-7","-1","-50","","-36","-0.6","4.0","-65.5","8.4","-53.7","-6.8","","","","-49.7"
"2007","Devil Rays","12867.0","0","0","-3","1","12","-6","-89","","-82","8.7","-2.3","-49.4","-5.3","-48.2","-5.5","","","","-50.2"
"2002","Expos","13077.0","0","0","0","0","0","0","0","","0","15.4","-5.5","-47.3","-14.2","-51.6","-4.0","","","","-51.6"
"2014","Indians","13215.0","2","-4","4","-5","4","8","-66","-5","-55","1.7","-1.6","-52.2","-7.5","-59.6","-7.8","4.0","","","-52.0"
"2013","Astros","12960.0","-3","0","1","4","-6","4","-38","-11","-52","-11.7","4.6","-24.2","-17.4","-48.7","-7.8","-1.3","","","-52.1"
"2006","Indians","12810.0","0","-5","-8","5","-6","6","-32","","-46","-1.8","0.8","-32.1","-6.2","-39.3","-5.3","","","","-53.3"
"2008","Rockies","13014.0","0","0","1","3","-12","-3","-17","","-21","-8.8","2.3","-56.3","3.4","-59.4","-8.7","-17.7","","","-55.0"
"2002","Tigers","12726.0","0","0","0","0","0","0","0","","0","8.4","0.4","-48.1","-14.2","-53.5","-5.3","","","","-55.5"
"2010","Royals","12930.0","-5","-3","-1","-9","-10","-20","-52","-1","-96","-8.6","-9.1","-25.7","-12.1","-55.5","-8.9","-11.7","","","-55.5"
"2008","Rangers","12978.0","0","5","-4","5","3","-9","-47","","-55","2.1","-1.6","-43.1","-3.6","-46.2","-5.7","-23.9","","","-57.8"
"2003","Yankees","13158.0","0","-4","3","-4","-9","0","-21","","-36","-6.6","-2.8","-44.4","-6.0","-59.8","-9.5","","","","-57.8"
"2008","Tigers","13005.0","0","6","2","2","-8","-11","-31","","-32","-8.0","-3.6","-42.4","-6.3","-60.3","-9.3","-15.1","","","-57.9"
"2017","Tigers","12783.0","-12","-3","-3","-6","-12","-12","-63","-3","-115","-14.2","-5.5","9.8","13.1","3.2","-1.6","-13.1","-13","-12","-58.1"
"2014","Astros","12948.0","9","-3","-3","2","-1","7","-6","14","6","-11.6","0.2","-21.6","-16.1","-49.2","-9.2","9.7","","","-59.2"
"2004","Red Sox","13062.0","0","-2","-4","-7","-7","-7","9","","-26","-10.2","-7.2","-21.8","-7.7","-46.9","-8.8","","","","-59.9"
"2009","Royals","12834.0","0","1","-6","-2","-4","-17","-75","","-104","3.7","-3.9","-39.1","-12.2","-51.5","-6.6","-3.4","","","-64.3"
"2005","Royals","12720.0","0","-1","2","5","-7","-7","-110","","-112","0.1","1.1","-62.2","-12.5","-73.6","-9.4","","","","-64.6"
"2003","Brewers","13068.0","0","0","2","-3","1","0","-70","","-82","5.7","-4.2","-55.3","-10.0","-63.9","-7.7","","","","-64.9"
"2010","Pirates","12705.0","-3","2","-6","-2","5","-9","-62","-1","-81","1.7","-4.3","-47.0","-8.2","-57.7","-7.7","-17.3","","","-64.9"
"2008","Diamondbacks","12912.0","0","0","-3","0","-11","-13","4","","-32","-8.0","-1.8","-36.2","-10.5","-56.5","-9.3","6.3","","","-66.0"
"2007","Padres","13362.0","0","-1","-12","1","-5","0","33","","-3","-8.4","3.3","-44.1","8.0","-41.3","-6.7","","","","-72.3"
"2011","Mets","13032.0","-6","-1","-7","-10","1","-15","-31","2","-60","-7.6","-6.9","-33.2","-14.2","-61.9","-9.8","-15.2","","","-72.5"
"2006","Yankees","12993.0","0","-4","3","1","-8","3","-34","","-39","-6.5","-1.5","-62.6","-9.4","-80.1","-11.8","","","","-75.1"
"2004","Yankees","12993.0","0","-4","-4","-2","-3","-5","-54","","-79","-6.7","-2.4","-70.6","10.3","-69.4","-10.3","","","","-78.4"
"2003","Blue Jays","12915.0","0","0","-8","-1","-12","0","-12","","-47","-14.5","-5.9","-43.2","-1.8","-65.5","-11.8","","","","-84.5"
"2005","Yankees","12876.0","0","-2","-2","-3","-7","6","-104","","-120","-4.0","-4.2","-136.0","2.4","-141.7","-19.2","","","","-147.7"
