"Season","Team","W","L","SV","G","GS","IP","K/9","BB/9","HR/9","BABIP","LOB%","GB%","HR/FB","vFA (pi)","ERA","xERA","FIP","xFIP","WAR"
"2017","CLE","102","60","37","659","162","1440.2","10.08","2.54","1.02",".303","77.5%","44.1%","13.0%","93.2","3.30","","3.33","3.41","30.4"
"2011","PHI","102","60","47","556","162","1477.0","7.92","2.46","0.73",".286","77.5%","46.5%","8.3%","92.5","3.02","","3.24","3.41","29.5"
"2018","HOU","103","59","46","672","162","1455.0","10.44","2.69","0.94",".283","77.9%","44.0%","11.6%","94.9","3.11","","3.23","3.36","28.6"
"2003","NYY","101","61","49","530","163","1462.0","6.89","2.31","0.89",".302","70.4%","42.7%","9.3%","","4.03","","3.66","3.92","28.6"
"2002","NYY","103","58","53","495","161","1452.0","7.04","2.50","0.89",".293","70.7%","42.8%","9.0%","","3.89","","3.62","3.87","28.2"
"2021","CHW","93","69","43","674","162","1403.1","10.18","3.11","1.17",".288","74.4%","41.2%","12.8%","95.5","3.73","","3.74","3.85","27.6"
"2021","LAD","106","56","56","762","162","1452.0","9.91","3.01","1.00",".260","76.5%","44.5%","11.8%","94.1","3.03","","3.54","3.75","27.1"
"2022","HOU","106","56","53","642","162","1445.1","9.49","2.85","0.83",".268","77.2%","42.7%","9.3%","94.4","2.90","","3.28","3.55","27.0"
"2003","LAD","85","77","58","600","162","1457.2","7.96","3.25","0.78",".280","77.0%","48.0%","10.5%","","3.16","","3.56","3.63","27.0"
"2002","ARI","98","64","40","584","162","1446.2","8.11","2.62","1.06",".289","72.7%","43.6%","11.5%","","3.93","","3.67","3.57","26.4"
"2013","DET","93","69","39","590","162","1462.2","8.79","2.84","0.79",".306","73.7%","45.4%","9.2%","93.9","3.61","","3.27","3.43","26.3"
"2001","NYY","95","65","57","523","161","1451.1","7.85","2.88","0.98",".300","71.5%","","","","4.04","","3.79","","26.1"
"2019","LAD","106","56","44","707","162","1445.2","9.46","2.44","1.15",".271","74.7%","44.9%","14.1%","93.5","3.39","","3.73","3.87","25.4"
"2003","ARI","84","78","42","614","162","1455.0","7.99","3.25","0.93",".293","73.1%","47.3%","11.4%","","3.84","","3.83","3.81","24.6"
"2022","LAD","111","51","43","725","162","1451.1","9.08","2.52","0.94",".255","78.3%","42.5%","9.8%","93.2","2.80","","3.45","3.67","24.6"
"2019","TBR","96","66","46","765","162","1474.1","9.90","2.77","1.10",".290","73.7%","44.1%","13.4%","94.2","3.67","","3.65","3.89","24.5"
"2012","DET","88","74","40","582","162","1430.2","8.29","2.76","0.95",".307","72.7%","43.4%","10.5%","93.8","3.77","","3.63","3.74","24.5"
"2018","NYY","100","62","49","670","162","1456.1","10.10","3.05","1.09",".300","73.9%","42.9%","12.9%","95.1","3.78","","3.63","3.61","24.5"
"2014","WSN","96","66","45","620","162","1470.2","7.88","2.15","0.67",".294","74.9%","44.8%","7.5%","93.7","3.03","","3.18","3.43","24.3"
"2019","HOU","107","55","47","654","162","1462.1","10.28","2.76","1.42",".270","76.8%","43.6%","16.7%","94.6","3.66","","3.98","3.80","24.2"
"2008","CHW","89","74","34","626","163","1457.2","7.08","2.84","0.96",".298","71.0%","45.5%","10.0%","92.2","4.11","","4.00","4.01","24.1"
"2003","CHC","88","74","36","582","162","1456.1","8.68","3.81","0.88",".291","73.1%","47.1%","11.6%","","3.83","","3.80","3.75","24.1"
"2010","CHW","88","74","43","569","162","1446.1","7.15","3.05","0.85",".305","71.5%","44.9%","8.4%","92.8","4.09","","3.80","3.94","24.0"
"2001","OAK","102","60","44","578","162","1463.1","6.87","2.71","0.94",".282","74.0%","","","","3.59","","3.88","","23.9"
"2019","MIN","101","61","50","686","162","1463.1","9.00","2.78","1.22",".309","71.8%","41.8%","13.4%","93.0","4.18","","4.03","4.27","23.7"
"2016","WSN","95","67","46","670","162","1459.2","9.10","2.89","0.96",".288","75.0%","43.3%","10.9%","93.8","3.52","","3.58","3.82","23.5"
"2021","MIL","95","67","44","695","162","1436.0","10.14","3.37","1.05",".275","74.7%","44.5%","13.3%","93.2","3.50","","3.72","3.75","23.4"
"2017","NYY","91","71","36","639","162","1448.2","9.69","3.13","1.19",".280","74.5%","46.2%","14.2%","95.3","3.75","","3.88","3.82","23.4"
"2017","BOS","93","69","39","677","162","1482.1","9.59","2.82","1.18",".303","75.7%","41.0%","12.7%","93.8","3.73","","3.78","3.91","23.2"
"2011","CHW","79","83","42","572","162","1460.0","7.52","2.71","0.91",".303","71.3%","44.2%","9.4%","92.6","4.10","","3.66","3.69","23.2"
"2002","OAK","103","59","48","570","162","1452.0","6.33","2.94","0.84",".281","73.2%","46.6%","9.0%","","3.69","","3.87","4.10","23.1"
"2005","CHW","99","63","54","574","162","1475.2","6.34","2.80","1.02",".275","75.4%","43.6%","10.5%","","3.61","","4.12","4.14","23.0"
"2017","WSN","97","65","46","649","162","1446.2","9.06","3.08","1.18",".287","74.4%","44.0%","12.8%","94.1","3.88","","3.99","4.12","23.0"
"2008","ARI","82","80","39","606","162","1434.2","7.71","2.83","0.92",".297","70.9%","45.3%","9.9%","91.4","3.99","","3.84","3.87","22.9"
"2015","CHC","97","65","48","714","162","1461.1","8.81","2.51","0.83",".287","72.7%","46.6%","10.7%","93.1","3.36","","3.30","3.37","22.9"
"2017","ARI","93","69","43","675","162","1441.0","9.26","3.22","1.07",".294","74.2%","48.1%","13.1%","93.6","3.67","","3.80","3.86","22.9"
"2022","ATL","101","61","55","680","162","1448.0","9.66","3.11","0.92",".286","74.6%","43.5%","10.4%","94.7","3.46","","3.46","3.58","22.7"
"2007","SDP","89","74","45","648","163","1484.2","6.89","2.87","0.72",".287","71.6%","45.8%","7.4%","90.1","3.72","","3.81","4.13","22.7"
"2022","PHI","87","75","42","678","162","1428.1","8.97","2.92","0.95",".302","71.2%","44.2%","10.6%","94.4","3.98","","3.60","3.70","22.7"
"2002","BOS","93","69","51","500","162","1446.0","7.20","2.68","0.91",".282","72.1%","45.2%","9.7%","","3.75","","3.74","3.88","22.6"
"2005","HOU","89","73","45","597","163","1443.0","7.26","2.74","0.97",".281","75.8%","46.4%","11.3%","","3.52","","3.84","3.75","22.6"
"2003","CHW","86","76","36","523","162","1431.0","6.64","3.26","1.02",".281","71.4%","42.1%","10.5%","","4.17","","4.22","4.32","22.5"
"2004","MIN","92","70","48","597","162","1476.0","6.85","2.63","1.02",".302","72.9%","44.6%","10.2%","","4.04","","3.98","4.14","22.4"
"2003","OAK","96","66","48","526","162","1441.2","6.36","3.12","0.87",".274","73.6%","46.6%","9.8%","","3.63","","4.03","4.21","22.4"
"2008","TOR","86","76","44","583","162","1446.2","7.37","2.91","0.83",".284","74.8%","46.6%","9.3%","92.5","3.49","","3.81","3.92","22.3"
"2000","ATL","95","67","53","538","162","1440.1","6.83","3.02","1.03",".288","71.9%","","","","4.06","","4.19","","22.3"
"2004","CHC","89","73","42","622","162","1465.1","8.27","3.35","1.04",".289","75.5%","44.8%","11.7%","","3.83","","3.98","3.92","22.3"
"2012","TEX","93","69","43","590","162","1442.0","8.03","2.78","1.09",".292","71.5%","43.9%","11.6%","93.5","4.02","","3.90","3.86","22.2"
"2015","WSN","83","79","41","630","162","1434.2","8.42","2.28","0.91",".300","72.7%","44.7%","10.3%","94.0","3.62","","3.45","3.58","22.2"
"2001","CHC","88","74","41","614","162","1437.0","8.42","3.44","1.03",".294","72.7%","","","","4.03","","3.91","","22.2"
"2000","ARI","85","77","38","552","162","1443.2","7.61","3.12","1.18",".297","71.6%","","","","4.36","","4.28","","22.1"
"2021","SFG","107","55","56","761","162","1455.0","8.81","2.57","0.93",".279","74.9%","45.6%","10.9%","93.7","3.25","","3.55","3.87","22.0"
"2018","CLE","91","71","41","670","162","1457.1","9.54","2.51","1.24",".298","76.0%","42.5%","13.7%","93.2","3.77","","3.78","3.66","22.0"
"2001","ARI","92","70","34","583","162","1459.2","8.00","2.84","1.20",".284","74.7%","","","","3.88","","4.08","","21.8"
"2019","WSN","93","69","40","692","162","1439.1","9.45","3.23","1.26",".296","73.0%","42.6%","13.9%","93.8","4.28","","4.14","4.32","21.7"
"2017","LAD","104","58","51","698","162","1444.2","9.65","2.75","1.15",".281","77.8%","42.7%","13.4%","93.1","3.38","","3.67","3.70","21.7"
"2021","NYY","92","70","47","674","162","1435.1","9.84","3.08","1.23",".284","74.0%","41.9%","12.9%","94.9","3.76","","3.90","4.00","21.7"
"2010","COL","83","79","35","675","162","1442.0","7.70","3.28","0.87",".302","70.8%","46.5%","9.6%","92.8","4.14","","3.83","3.80","21.6"
"2003","BOS","95","67","36","599","162","1464.2","7.01","3.00","0.94",".300","67.9%","44.9%","10.4%","","4.49","","3.99","4.09","21.5"
"2016","NYM","87","75","55","700","162","1447.0","8.68","2.73","0.95",".308","75.6%","44.2%","11.1%","93.8","3.58","","3.57","3.78","21.5"
"2005","LAA","95","67","54","541","162","1464.1","6.92","2.72","0.97",".288","75.0%","41.2%","9.2%","","3.68","","3.89","4.11","21.4"
"2003","FLA","91","71","36","557","162","1445.1","7.05","3.30","0.80",".297","71.6%","42.1%","8.3%","","4.04","","3.80","4.21","21.3"
"2006","LAA","89","73","50","542","162","1452.2","7.21","2.92","0.98",".291","70.1%","42.3%","9.2%","","4.04","","4.03","4.29","21.3"
"2013","TEX","91","72","46","638","163","1463.1","8.05","3.06","0.97",".293","75.5%","42.8%","10.7%","93.5","3.63","","3.77","3.75","21.2"
"2005","FLA","83","79","42","611","162","1442.1","7.02","3.51","0.72",".308","70.4%","45.2%","8.2%","","4.19","","3.81","4.13","21.2"
"2001","ATL","88","74","41","573","162","1447.1","7.05","3.10","0.95",".283","74.5%","","","","3.59","","3.96","","21.1"
"2001","CLE","91","71","42","645","162","1446.2","7.58","3.56","0.92",".315","68.1%","","","","4.65","","3.99","","21.1"
"2015","CLE","81","80","38","637","161","1432.2","8.84","2.67","1.01",".288","72.8%","44.5%","11.7%","94.3","3.68","","3.62","3.57","21.1"
"2019","CLE","93","69","42","684","162","1437.2","9.44","2.82","1.30",".291","76.0%","39.7%","13.6%","93.2","3.79","","4.06","4.30","21.0"
"2009","COL","92","70","45","646","162","1438.1","7.22","3.30","0.88",".299","71.3%","47.3%","9.9%","92.6","4.24","","3.96","3.99","21.0"
"2012","LAD","86","76","40","668","162","1449.2","7.92","3.35","0.76",".283","74.8%","45.5%","8.9%","92.5","3.35","","3.64","3.93","20.8"
"2004","HOU","92","70","47","655","162","1443.0","8.00","3.27","1.09",".299","74.3%","44.2%","11.9%","","4.05","","4.07","3.98","20.7"
"2004","BOS","98","64","36","599","162","1451.1","7.02","2.77","0.99",".289","68.8%","45.4%","9.9%","","4.19","","4.03","4.21","20.7"
"2013","LAD","92","70","46","666","162","1450.1","8.02","2.85","0.79",".291","75.4%","47.1%","9.9%","92.4","3.25","","3.45","3.52","20.6"
"2008","CHC","97","64","44","639","161","1450.2","7.84","3.40","0.99",".281","74.0%","41.6%","9.8%","91.5","3.87","","4.09","4.14","20.6"
"2006","MIN","96","66","40","583","162","1439.1","7.28","2.23","1.14",".302","73.7%","43.7%","11.3%","","3.95","","3.99","3.93","20.6"
"2015","STL","100","62","62","677","162","1464.2","8.17","2.93","0.76",".297","79.4%","48.0%","9.4%","93.9","2.94","","3.48","3.71","20.6"
"2014","CHC","73","89","37","699","162","1463.1","8.06","3.10","0.71",".304","69.6%","44.0%","8.0%","93.0","3.92","","3.51","3.70","20.5"
"2000","BOS","85","77","46","587","162","1452.2","6.95","3.09","1.07",".288","71.2%","","","","4.24","","4.29","","20.5"
"2007","CLE","96","66","49","557","162","1462.2","6.44","2.52","0.90",".302","71.9%","45.3%","8.7%","89.8","4.05","","4.06","4.21","20.5"
"2000","CLE","90","72","34","624","162","1442.1","7.57","4.16","1.08",".312","71.0%","","","","4.84","","4.48","","20.4"
"2012","TBR","90","72","50","634","162","1459.2","8.53","2.89","0.86",".277","75.5%","47.9%","10.7%","93.6","3.19","","3.51","3.59","20.4"
"2014","CLE","85","77","40","735","162","1468.1","8.89","2.84","0.83",".309","73.2%","46.7%","10.0%","94.1","3.57","","3.42","3.36","20.3"
"2022","NYM","101","61","41","645","162","1438.2","9.79","2.68","1.06",".297","76.0%","43.3%","11.8%","94.3","3.58","","3.50","3.45","20.3"
"2009","CHW","79","83","36","577","162","1439.2","7.00","3.17","1.06",".294","71.7%","44.3%","10.3%","92.2","4.16","","4.21","4.19","20.2"
"2007","LAA","94","68","43","558","162","1435.0","7.25","2.99","0.95",".307","71.1%","42.2%","8.6%","92.0","4.23","","4.10","4.26","20.0"
"2016","LAD","91","71","47","768","162","1453.0","9.35","2.87","1.02",".288","73.8%","42.8%","11.7%","93.1","3.70","","3.61","3.75","20.0"
"2022","SFG","81","81","39","738","162","1433.0","8.60","2.77","0.83",".310","70.0%","47.7%","9.8%","94.5","3.86","","3.43","3.63","20.0"
"2011","LAD","82","79","40","622","161","1432.0","7.95","3.19","0.83",".285","74.1%","42.8%","8.8%","92.7","3.56","","3.61","3.72","20.0"
"2008","LAD","84","78","35","623","162","1447.1","7.49","2.98","0.76",".295","72.6%","49.6%","9.3%","92.9","3.68","","3.67","3.77","20.0"
"2007","LAD","82","80","43","645","162","1450.0","7.35","3.22","0.91",".301","70.9%","45.5%","9.6%","92.0","4.20","","4.07","4.07","20.0"
"2021","BOS","92","70","49","725","162","1419.0","9.68","3.46","1.12",".323","71.9%","44.2%","12.6%","94.8","4.27","","3.95","4.07","19.9"
"2002","ATL","101","59","57","630","161","1467.1","6.49","3.40","0.75",".271","77.2%","45.7%","8.5%","","3.13","","3.83","4.11","19.8"
"2019","CIN","75","87","46","697","162","1438.0","9.71","3.35","1.34",".286","73.7%","44.3%","16.4%","94.4","4.18","","4.23","4.10","19.8"
"2019","NYM","86","76","38","664","162","1461.0","9.36","3.08","1.26",".304","73.1%","43.4%","13.9%","95.3","4.25","","4.10","4.29","19.8"
"2012","PHI","81","81","42","602","162","1451.1","8.59","2.54","1.10",".298","72.9%","43.5%","12.1%","92.3","3.86","","3.72","3.61","19.8"
"2006","LAD","88","74","40","616","162","1460.1","6.58","3.03","0.94",".302","70.8%","47.8%","9.7%","","4.23","","4.13","4.29","19.7"
"2015","LAD","92","70","47","677","162","1445.2","8.69","2.46","0.90",".296","74.7%","50.1%","12.1%","93.8","3.46","","3.40","3.33","19.7"
"2009","SFG","88","74","41","619","162","1446.0","8.10","3.63","0.87",".279","75.5%","43.0%","9.1%","92.5","3.55","","3.85","3.99","19.7"
"2018","PHI","80","82","44","758","162","1445.2","9.12","3.11","1.06",".303","71.0%","45.4%","12.4%","94.1","4.15","","3.83","3.87","19.7"
"2014","DET","90","72","41","635","162","1454.0","7.70","2.86","0.79",".312","70.7%","44.2%","8.3%","92.9","4.01","","3.60","3.76","19.7"
"2009","ATL","86","76","38","650","162","1462.2","7.58","3.26","0.73",".299","73.8%","46.4%","8.1%","92.0","3.57","","3.66","3.91","19.7"
"2022","NYY","99","63","47","669","162","1451.2","9.05","2.75","0.97",".268","76.3%","44.1%","10.7%","95.1","3.30","","3.56","3.64","19.6"
"2004","ANA","92","70","50","505","162","1454.1","7.20","3.11","1.05",".299","72.2%","41.9%","9.7%","","4.28","","4.09","4.34","19.6"
"2014","LAD","94","68","47","658","162","1464.2","8.44","2.64","0.87",".292","74.0%","47.8%","10.8%","92.8","3.40","","3.48","3.33","19.5"
"2012","OAK","94","68","47","624","162","1470.0","6.96","2.83","0.90",".279","75.4%","41.7%","9.1%","92.2","3.50","","3.89","4.20","19.5"
"2015","PIT","98","64","54","662","162","1489.2","8.08","2.74","0.66",".302","75.0%","50.4%","9.4%","94.4","3.23","","3.36","3.56","19.5"
"2012","WSN","98","64","51","644","162","1468.1","8.12","3.05","0.79",".282","75.1%","46.3%","9.2%","94.3","3.34","","3.54","3.80","19.5"
"2008","COL","74","88","36","647","162","1446.0","6.48","3.50","0.92",".309","68.5%","46.8%","10.0%","91.8","4.77","","4.30","4.32","19.5"
"2022","SDP","89","73","48","649","162","1443.1","9.05","2.92","1.08",".282","73.5%","41.2%","11.1%","94.3","3.81","","3.82","3.86","19.3"
"2010","TEX","90","72","46","643","162","1455.1","7.30","3.41","1.00",".280","73.6%","41.5%","9.3%","92.9","3.93","","4.17","4.19","19.3"
"2002","HOU","84","78","43","642","162","1445.0","7.59","3.40","0.94",".300","73.3%","44.6%","10.5%","","4.00","","3.88","3.91","19.3"
"2009","NYY","103","59","51","623","162","1450.0","7.82","3.56","1.12",".290","71.9%","42.3%","11.1%","93.4","4.28","","4.32","4.17","19.3"
"2005","CLE","93","69","51","571","162","1452.2","6.51","2.56","0.97",".275","73.6%","44.8%","10.2%","","3.61","","3.92","3.97","19.2"
"2006","CHW","90","72","46","560","162","1449.0","6.29","2.69","1.24",".295","70.5%","42.9%","11.2%","","4.61","","4.56","4.50","19.2"
"2011","TEX","96","66","38","579","162","1441.1","7.36","2.88","1.06",".278","72.5%","42.6%","10.7%","93.3","3.79","","3.98","3.83","19.2"
"2006","HOU","82","80","42","659","162","1468.2","7.11","2.94","1.12",".286","72.8%","45.2%","11.6%","","4.09","","4.27","4.16","19.2"
"2008","TBR","97","65","52","610","162","1457.2","7.06","3.25","1.02",".277","74.0%","40.8%","9.3%","92.6","3.82","","4.22","4.35","19.2"
"2001","BOS","82","79","48","585","161","1448.0","7.83","3.38","0.91",".299","70.7%","","","","4.18","","3.94","","19.1"
"2000","NYM","94","68","49","573","162","1450.0","7.22","3.56","1.02",".286","71.8%","","","","4.16","","4.31","","19.1"
"2004","MIL","67","94","42","584","161","1442.0","6.85","2.97","1.02",".289","69.6%","44.0%","10.1%","","4.26","","4.10","4.26","19.0"
"2005","MIN","83","79","44","558","162","1464.1","5.93","2.14","1.04",".283","73.6%","45.1%","10.3%","","3.72","","4.00","4.04","19.0"
"2017","HOU","101","61","45","681","162","1446.0","9.91","3.25","1.20",".300","73.7%","47.3%","14.9%","93.5","4.12","","3.91","3.77","19.0"
"2006","ARI","76","86","34","623","162","1459.2","6.87","3.30","1.04",".299","70.4%","46.8%","11.1%","","4.49","","4.34","4.30","19.0"
"2015","NYM","90","72","50","647","162","1462.2","8.23","2.36","0.94",".288","74.3%","46.3%","10.8%","94.4","3.45","","3.53","3.60","19.0"
"2018","LAD","92","71","48","756","163","1476.0","9.54","2.57","1.09",".284","76.2%","44.9%","13.4%","92.6","3.40","","3.60","3.52","19.0"
"2021","TBR","100","62","42","693","162","1455.2","9.14","2.70","1.14",".281","73.7%","41.5%","12.3%","94.1","3.67","","3.79","3.97","18.9"
"2015","HOU","86","76","39","644","162","1441.0","7.99","2.64","0.92",".285","73.8%","47.3%","10.9%","92.6","3.57","","3.66","3.71","18.9"
"2001","SEA","116","46","56","553","162","1465.0","6.46","2.86","0.98",".260","74.8%","","","","3.54","","4.12","","18.9"
"2016","CHC","103","58","38","665","162","1459.2","8.88","3.05","1.01",".255","77.5%","46.9%","13.1%","93.3","3.15","","3.77","3.74","18.8"
"2007","MIL","83","79","49","654","162","1444.1","7.32","3.16","1.00",".308","70.2%","41.5%","9.2%","91.7","4.44","","4.22","4.29","18.8"
"2016","BOS","93","69","43","625","162","1439.2","8.51","3.06","1.10",".293","72.9%","41.5%","11.4%","93.8","4.00","","4.00","4.20","18.8"
"2019","OAK","97","65","45","709","162","1465.0","7.98","2.93","1.23",".278","75.1%","41.5%","12.6%","93.0","3.97","","4.34","4.72","18.8"
"2012","CIN","97","65","56","587","162","1453.0","7.73","2.64","0.94",".288","76.9%","45.9%","10.7%","93.9","3.34","","3.72","3.80","18.7"
"2016","NYY","84","78","48","645","162","1428.1","8.78","2.80","1.35",".292","74.2%","46.9%","15.5%","95.3","4.16","","4.20","3.86","18.7"
"2022","CLE","92","70","51","669","162","1456.0","8.59","2.69","1.06",".274","73.8%","42.5%","11.2%","93.3","3.47","","3.75","3.78","18.6"
"2017","COL","87","75","47","711","162","1437.2","7.95","3.33","1.19",".305","72.2%","48.5%","14.2%","94.5","4.51","","4.32","4.26","18.6"
"2004","NYY","101","61","59","598","162","1443.2","6.60","2.77","1.13",".300","69.0%","43.1%","10.5%","","4.69","","4.27","4.38","18.6"
"2009","LAD","95","67","44","688","162","1473.1","7.77","3.57","0.78",".275","74.9%","43.7%","8.1%","92.8","3.41","","3.80","4.07","18.6"
"2014","ATL","79","83","54","634","162","1455.0","8.05","2.92","0.75",".300","75.0%","42.7%","8.3%","93.6","3.38","","3.47","3.63","18.6"
"2018","BOS","108","54","46","697","162","1458.2","9.61","3.16","1.09",".294","75.8%","42.4%","11.9%","93.6","3.75","","3.82","3.92","18.5"
"2006","DET","95","67","46","552","162","1448.0","6.23","3.04","0.99",".284","74.1%","45.5%","10.0%","","3.85","","4.32","4.44","18.5"
"2009","CHC","83","78","40","641","161","1445.1","7.92","3.65","1.00",".285","74.4%","42.8%","10.0%","92.0","3.84","","4.11","4.14","18.5"
"2016","DET","86","75","47","637","161","1428.0","7.76","2.91","1.15",".300","72.2%","44.5%","11.7%","93.4","4.24","","4.16","4.31","18.5"
"2009","BOS","95","67","41","625","162","1436.2","7.71","3.32","1.05",".309","73.0%","40.9%","9.4%","93.0","4.35","","4.14","4.25","18.5"
"2015","NYY","87","75","48","659","162","1457.2","8.46","2.93","1.12",".300","73.8%","47.0%","13.6%","94.6","4.03","","3.97","3.70","18.4"
"2010","SFG","92","70","57","638","162","1461.0","8.20","3.56","0.83",".282","77.0%","42.0%","8.0%","92.3","3.36","","3.74","3.94","18.4"
"2007","BOS","96","66","45","613","162","1438.2","7.19","3.02","0.94",".284","73.5%","42.6%","8.7%","90.5","3.87","","4.14","4.28","18.4"
"2008","BOS","95","67","47","628","162","1446.1","7.37","3.41","0.91",".289","72.6%","43.5%","9.2%","92.2","4.01","","4.09","4.23","18.4"
"2002","SEA","93","69","43","505","162","1445.1","6.62","2.75","1.11",".284","72.9%","40.2%","10.3%","","4.07","","4.11","4.16","18.3"
"2005","OAK","88","74","38","572","162","1450.1","6.67","3.13","0.96",".271","73.4%","44.0%","10.2%","","3.70","","4.08","4.14","18.3"
"2016","CLE","94","67","37","665","161","1445.0","8.71","2.87","1.16",".289","73.4%","46.7%","13.7%","93.6","3.86","","3.91","3.80","18.2"
"2002","SFG","95","66","43","579","162","1437.1","6.21","3.27","0.73",".281","74.0%","42.3%","7.3%","","3.55","","3.80","4.28","18.1"
"2013","NYM","74","88","40","697","162","1476.2","7.37","2.79","0.93",".295","72.9%","44.5%","10.0%","93.2","3.78","","3.79","3.86","18.1"
"2013","CIN","90","72","43","623","162","1473.2","7.91","2.66","1.04",".273","77.5%","44.1%","11.5%","94.4","3.38","","3.81","3.68","18.0"
"2009","OAK","75","87","38","650","162","1447.1","6.99","3.25","0.97",".302","70.3%","44.1%","9.2%","91.4","4.29","","4.10","4.24","18.0"
"2010","DET","81","81","32","578","162","1444.1","6.58","3.35","0.88",".296","70.6%","43.8%","8.3%","94.1","4.29","","4.14","4.31","18.0"
"2011","OAK","74","88","39","622","162","1447.2","7.21","3.23","0.85",".289","72.1%","44.1%","8.5%","92.2","3.71","","3.80","3.98","18.0"
"2001","TOR","80","82","41","633","162","1462.2","6.41","3.02","1.02",".306","72.4%","","","","4.28","","4.25","","18.0"
"2013","ATL","96","66","53","628","162","1450.1","7.65","2.54","0.79",".288","77.0%","45.8%","9.4%","93.1","3.18","","3.44","3.58","17.9"
"2019","NYY","103","59","50","707","162","1443.0","9.57","3.16","1.55",".296","75.2%","42.4%","16.8%","93.9","4.31","","4.47","4.27","17.9"
"2018","NYM","77","85","41","663","162","1460.2","8.91","2.98","1.14",".295","73.0%","42.1%","12.2%","93.9","4.07","","3.97","4.03","17.9"
"2004","OAK","91","71","35","576","162","1471.1","6.32","3.33","1.00",".289","72.3%","46.9%","10.5%","","4.17","","4.34","4.43","17.7"
"2007","CHC","85","77","39","640","162","1446.2","7.53","3.56","1.03",".281","73.6%","41.3%","9.6%","91.0","4.04","","4.36","4.36","17.7"
"2011","CLE","80","82","38","645","162","1453.1","6.34","2.87","0.95",".293","69.5%","45.4%","9.5%","92.7","4.24","","4.06","4.09","17.7"
"2012","SEA","75","87","43","613","162","1456.2","7.20","2.77","1.03",".282","74.2%","42.9%","10.6%","92.8","3.76","","4.00","4.09","17.6"
"2016","HOU","84","78","44","662","162","1468.0","8.56","2.78","1.11",".306","73.4%","45.2%","12.6%","92.9","4.06","","3.85","3.87","17.6"
"2009","STL","91","71","43","643","162","1440.2","6.55","2.87","0.77",".292","73.2%","49.8%","8.7%","92.4","3.66","","3.82","3.99","17.5"
"2002","CHC","67","95","23","552","162","1441.1","8.32","3.78","1.04",".296","70.9%","42.2%","11.4%","","4.30","","4.00","3.91","17.5"
"2014","NYY","84","78","48","637","162","1453.0","8.49","2.47","1.02",".298","73.3%","43.7%","11.3%","93.4","3.75","","3.67","3.43","17.5"
"2007","TOR","83","79","44","582","162","1448.2","6.63","2.98","0.98",".282","71.8%","48.7%","10.6%","91.9","4.00","","4.28","4.15","17.5"
"2000","NYY","87","74","40","543","161","1424.1","6.57","3.65","1.12",".290","69.2%","","","","4.76","","4.61","","17.5"
"2009","SEA","85","77","49","572","162","1452.2","6.46","3.31","1.07",".272","73.4%","41.2%","9.7%","92.2","3.87","","4.39","4.46","17.5"
"2013","KCR","86","76","52","589","162","1448.1","7.51","2.91","0.96",".290","76.9%","41.8%","10.0%","94.0","3.45","","3.83","3.90","17.5"
"2008","LAA","100","62","66","545","162","1451.1","6.86","2.83","0.99",".296","73.0%","44.3%","9.8%","92.4","4.00","","4.12","4.17","17.5"
"2018","TBR","90","72","52","715","162","1448.1","8.83","3.11","1.02",".278","73.3%","43.9%","11.5%","94.0","3.75","","3.82","3.98","17.4"
"2015","CHW","76","86","37","576","162","1452.2","8.42","2.94","1.00",".311","72.9%","45.2%","11.4%","93.1","3.98","","3.82","3.81","17.4"
"2014","OAK","88","74","31","603","162","1463.1","7.65","2.50","0.90",".272","75.9%","45.6%","10.0%","93.0","3.22","","3.67","3.60","17.4"
"2005","SDP","82","80","45","618","162","1455.1","7.01","3.11","0.90",".295","71.0%","43.0%","9.2%","","4.13","","3.90","4.10","17.4"
"2011","SEA","67","95","39","513","162","1433.0","6.83","2.74","0.91",".285","71.4%","43.8%","9.1%","92.3","3.91","","3.84","3.92","17.4"
"2005","NYM","83","79","38","554","162","1435.2","6.34","3.08","0.85",".283","73.7%","44.2%","8.8%","","3.77","","3.98","4.23","17.4"
"2011","NYY","97","65","47","627","162","1458.1","7.54","3.13","0.94",".297","75.0%","44.2%","9.9%","92.9","3.73","","3.87","3.84","17.3"
"2021","PHI","82","80","36","687","162","1418.2","9.39","3.23","1.27",".296","71.4%","45.4%","14.7%","94.1","4.39","","4.15","4.02","17.3"
"2011","SFG","86","76","52","642","162","1468.0","8.07","3.43","0.59",".283","74.4%","46.4%","6.9%","92.2","3.21","","3.33","3.66","17.3"
"2006","COL","76","86","34","661","162","1447.1","5.92","3.44","0.96",".304","69.5%","45.7%","9.6%","","4.66","","4.51","4.68","17.3"
"2013","STL","97","65","44","645","162","1459.2","7.73","2.78","0.69",".297","74.5%","48.5%","8.5%","94.1","3.43","","3.39","3.63","17.3"
"2000","DET","79","83","44","591","162","1443.1","6.10","3.09","1.10",".306","69.2%","","","","4.73","","4.50","","17.3"
"2010","MIN","94","68","40","627","162","1452.2","6.49","2.37","0.96",".299","73.4%","44.7%","9.2%","92.1","3.95","","3.91","3.93","17.3"
"2022","CHW","81","81","48","711","162","1447.2","9.01","3.31","1.03",".295","71.2%","41.5%","10.5%","94.5","3.94","","3.81","3.93","17.3"
"2006","NYY","97","65","43","651","162","1443.2","6.35","3.09","1.06",".289","70.3%","43.3%","9.6%","","4.43","","4.42","4.61","17.3"
"2013","WSN","86","76","47","602","162","1445.2","7.69","2.52","0.88",".291","73.6%","45.0%","9.8%","94.0","3.59","","3.55","3.64","17.3"
"2007","CHW","72","90","42","625","162","1440.2","6.34","3.12","1.09",".304","68.2%","42.9%","9.8%","91.2","4.77","","4.56","4.54","17.2"
"2014","KCR","89","73","53","613","162","1450.2","7.25","2.73","0.79",".292","73.9%","43.1%","8.2%","94.0","3.51","","3.69","3.88","17.2"
"2006","OAK","93","69","54","606","162","1451.2","6.22","3.28","1.00",".301","73.4%","42.6%","9.2%","","4.22","","4.42","4.67","17.2"
"2001","NYM","82","80","48","559","162","1445.2","7.41","2.73","1.16",".290","72.4%","","","","4.08","","4.07","","17.2"
"2016","CHW","78","84","43","643","162","1446.2","7.90","3.24","1.15",".298","74.0%","43.1%","12.0%","93.1","4.12","","4.27","4.38","17.1"
"2018","COL","91","72","51","681","163","1452.1","8.73","3.25","1.14",".299","71.3%","45.2%","13.5%","93.4","4.33","","4.06","3.96","17.1"
"2000","OAK","91","70","43","542","161","1435.1","6.04","3.86","0.99",".301","70.1%","","","","4.58","","4.61","","17.1"
"2017","MIL","86","76","54","712","162","1445.2","8.38","3.44","1.15",".298","74.8%","45.7%","13.5%","93.5","4.00","","4.24","4.26","17.1"
"2022","TOR","92","70","46","746","162","1441.1","8.68","2.65","1.12",".295","73.4%","41.4%","11.4%","93.8","3.89","","3.85","3.84","17.0"
"2007","OAK","76","86","36","608","162","1448.0","6.44","3.29","0.86",".296","69.4%","44.8%","8.3%","90.3","4.30","","4.23","4.44","17.0"
"2022","LAA","73","89","38","652","162","1435.2","8.67","3.39","1.05",".276","73.0%","42.2%","11.1%","94.1","3.79","","3.96","4.00","17.0"
"2012","NYY","95","67","51","647","162","1445.1","8.21","2.68","1.18",".296","75.1%","44.9%","13.0%","92.3","3.85","","3.98","3.75","17.0"
"2009","DET","86","77","42","602","163","1447.0","6.85","3.69","1.13",".293","73.2%","42.7%","10.6%","94.4","4.34","","4.53","4.45","17.0"
"2008","NYY","89","73","42","637","162","1441.2","7.12","3.05","0.89",".307","71.0%","45.7%","9.3%","91.7","4.28","","3.96","4.08","16.9"
"2019","CHC","84","78","38","738","162","1442.0","9.01","3.33","1.22",".300","74.1%","45.9%","15.0%","92.4","4.10","","4.25","4.29","16.9"
"2021","CIN","83","79","41","741","162","1434.1","9.56","3.87","1.29",".297","72.6%","44.2%","14.8%","94.3","4.41","","4.34","4.18","16.9"
"2021","HOU","95","67","34","674","162","1445.0","9.07","3.42","1.16",".275","75.1%","44.7%","13.6%","93.2","3.80","","4.12","4.12","16.9"
"2010","LAD","80","82","41","637","162","1441.2","7.95","3.36","0.84",".287","70.9%","44.6%","8.6%","92.2","4.01","","3.76","3.87","16.8"
"2016","TOR","89","73","43","649","162","1459.1","8.10","2.84","1.13",".282","74.4%","46.6%","13.0%","92.9","3.79","","4.04","4.02","16.8"
"2017","CHC","92","70","38","693","162","1447.1","8.95","3.44","1.21",".285","74.2%","46.2%","14.5%","92.7","3.95","","4.20","4.10","16.8"
"2011","TBR","91","71","32","600","162","1449.0","7.10","3.13","1.00",".265","75.5%","42.1%","9.8%","92.8","3.58","","4.03","4.01","16.8"
"2013","PIT","94","68","55","627","162","1470.2","7.72","3.15","0.62",".285","75.0%","52.5%","8.9%","93.6","3.27","","3.42","3.58","16.8"
"2003","MIN","90","72","45","561","162","1461.2","6.14","2.48","1.15",".290","71.1%","38.6%","10.4%","","4.41","","4.26","4.38","16.8"
"2013","CLE","92","70","38","702","162","1441.1","8.61","3.46","0.92",".302","74.2%","44.5%","10.7%","93.4","3.82","","3.73","3.71","16.8"
"2011","MIL","96","66","47","596","162","1441.2","7.85","2.75","0.92",".288","73.2%","44.7%","9.7%","91.8","3.64","","3.59","3.58","16.8"
"2014","MIA","77","85","42","649","162","1457.2","7.35","2.83","0.70",".310","71.9%","46.9%","8.0%","94.7","3.79","","3.56","3.75","16.7"
"2008","KCR","75","87","44","601","162","1445.2","6.75","3.21","0.99",".298","69.1%","41.9%","9.2%","92.3","4.50","","4.21","4.36","16.7"
"2011","DET","95","67","52","583","162","1440.0","6.97","3.08","0.93",".292","71.1%","44.5%","9.3%","94.0","4.04","","3.96","4.00","16.7"
"2010","PHI","97","65","40","613","162","1456.1","7.31","2.57","1.04",".289","75.3%","46.5%","10.6%","91.9","3.68","","3.93","3.75","16.6"
"2013","OAK","96","66","46","609","162","1452.0","7.33","2.65","1.01",".276","74.8%","39.5%","9.2%","91.7","3.56","","3.83","4.05","16.6"
"2003","PHI","86","76","33","599","162","1443.2","6.61","3.34","0.89",".284","72.3%","45.3%","9.7%","","4.06","","4.12","4.32","16.6"
"2014","PHI","73","89","40","623","162","1468.1","7.69","3.19","0.82",".295","72.2%","46.4%","9.4%","93.8","3.81","","3.81","3.83","16.6"
"2004","FLA","83","79","53","566","162","1439.0","6.98","3.21","1.04",".288","72.9%","43.7%","10.7%","","4.10","","4.17","4.25","16.6"
"2001","SFG","90","72","47","601","162","1463.1","6.64","3.56","0.89",".290","70.5%","","","","4.19","","4.12","","16.6"
"2017","PIT","75","87","36","664","162","1440.2","7.88","3.19","1.14",".306","73.2%","45.2%","12.9%","94.8","4.23","","4.23","4.33","16.6"
"2017","TOR","76","86","45","740","162","1465.0","8.43","3.37","1.25",".303","71.8%","45.4%","13.3%","92.5","4.42","","4.31","4.36","16.6"
"2016","STL","86","76","38","643","162","1448.1","8.02","2.95","0.99",".304","71.8%","49.5%","12.8%","94.1","4.08","","3.88","3.88","16.6"
"2002","MON","83","79","39","599","162","1453.0","6.74","3.15","1.02",".295","72.9%","47.2%","11.5%","","3.98","","4.08","3.98","16.6"
"2000","LAD","86","76","36","533","162","1445.0","7.19","3.74","1.10",".283","73.3%","","","","4.10","","4.52","","16.5"
"2000","CHW","95","67","43","628","162","1450.1","6.44","3.81","1.21",".296","70.3%","","","","4.67","","4.83","","16.5"
"2019","BOS","84","78","33","794","162","1471.0","9.99","3.70","1.32",".312","70.8%","42.6%","14.4%","93.6","4.70","","4.28","4.39","16.5"
"2005","MIL","81","81","46","557","162","1438.0","7.34","3.56","1.06",".285","73.8%","41.4%","10.5%","","3.98","","4.20","4.22","16.5"
"2018","SEA","89","73","60","699","162","1448.2","8.25","2.49","1.21",".295","72.5%","42.5%","12.7%","93.6","4.13","","4.05","4.06","16.5"
"2022","TBR","86","76","44","734","162","1435.2","8.68","2.41","1.08",".277","74.6%","42.5%","11.2%","94.2","3.41","","3.68","3.71","16.5"
"2007","COL","90","73","39","692","163","1472.0","5.91","3.08","1.00",".290","71.1%","46.5%","9.9%","92.0","4.32","","4.52","4.48","16.5"
"2002","LAD","92","70","56","585","162","1457.2","6.99","3.43","1.02",".270","75.5%","42.5%","10.7%","","3.69","","4.12","4.11","16.4"
"2003","HOU","87","75","50","664","162","1450.0","7.07","3.51","1.00",".281","74.4%","43.8%","10.7%","","3.87","","4.23","4.29","16.4"
"2018","WSN","82","80","40","724","162","1446.0","8.82","3.03","1.23",".287","74.8%","41.2%","12.8%","93.4","4.04","","4.15","4.13","16.4"
"2006","CLE","78","84","24","539","162","1423.1","5.99","2.71","1.05",".308","70.0%","44.7%","10.0%","","4.43","","4.34","4.47","16.4"
"2004","STL","105","57","57","631","162","1453.2","6.45","2.72","1.05",".276","74.4%","48.0%","11.9%","","3.75","","4.17","4.09","16.4"
"2006","SDP","88","74","50","637","162","1463.2","6.75","2.88","1.08",".276","73.9%","41.5%","10.1%","","3.88","","4.27","4.39","16.4"
"2013","COL","74","88","35","665","162","1436.0","6.67","3.24","0.85",".314","70.2%","47.4%","10.0%","92.9","4.44","","3.96","4.02","16.4"
"2000","SFG","97","65","47","546","162","1444.1","6.70","3.88","0.94",".297","71.9%","","","","4.21","","4.38","","16.4"
"2001","LAD","86","76","46","570","162","1450.2","7.52","3.25","1.14",".286","71.8%","","","","4.25","","4.26","","16.4"
"2010","NYY","95","67","39","592","162","1442.1","7.20","3.37","1.12",".281","74.0%","43.9%","10.7%","93.2","4.06","","4.34","4.15","16.4"
"2000","COL","82","80","33","641","162","1430.0","6.30","3.70","1.39",".302","69.4%","","","","5.29","","5.13","","16.4"
"2010","SDP","90","72","49","661","162","1456.1","8.00","3.20","0.86",".286","76.7%","46.0%","9.3%","91.7","3.41","","3.66","3.67","16.3"
"2021","NYM","77","85","41","705","162","1379.1","9.48","3.10","1.24",".287","73.2%","42.5%","13.9%","94.5","3.90","","4.04","3.99","16.3"
"2010","TBR","96","66","51","653","162","1453.2","7.36","2.96","1.08",".278","75.2%","41.3%","9.9%","93.6","3.78","","4.09","4.00","16.3"
"2012","STL","88","74","42","668","162","1462.2","7.49","2.68","0.82",".298","73.2%","48.5%","10.4%","94.0","3.71","","3.62","3.72","16.2"
"2006","MIL","75","87","43","589","162","1425.2","7.23","3.24","1.12",".297","67.4%","42.1%","10.8%","","4.83","","4.39","4.40","16.2"
"2006","NYM","97","65","43","636","162","1461.1","7.15","3.25","1.11",".284","72.5%","43.3%","11.0%","","4.16","","4.37","4.34","16.2"
"2012","CHW","85","77","37","628","162","1445.2","7.76","3.13","1.16",".288","75.2%","42.7%","12.1%","92.6","4.02","","4.23","4.12","16.2"
"2004","LAD","93","69","51","621","162","1453.1","6.60","3.23","1.10",".279","74.6%","41.4%","10.7%","","4.01","","4.36","4.44","16.2"
"2002","MIN","94","67","47","596","161","1444.2","6.39","2.73","1.15",".286","73.0%","38.2%","10.0%","","4.12","","4.20","4.32","16.2"
"2002","ANA","99","63","54","562","162","1452.1","6.19","3.15","1.05",".269","75.6%","41.0%","9.9%","","3.69","","4.25","4.37","16.1"
"2004","ATL","96","66","48","645","162","1450.0","6.36","3.25","0.96",".294","75.0%","47.1%","10.7%","","3.75","","4.15","4.22","16.1"
"2010","FLA","80","82","39","643","162","1438.1","7.31","3.44","0.84",".301","71.3%","43.6%","8.1%","92.7","4.09","","3.92","4.11","16.1"
"2003","SEA","93","69","38","528","162","1441.0","6.25","2.91","1.08",".269","75.6%","39.2%","9.9%","","3.76","","4.29","4.49","16.1"
"2007","SFG","71","91","37","658","162","1453.2","6.54","3.67","0.82",".293","71.8%","43.0%","7.7%","90.2","4.20","","4.30","4.59","16.0"
"2005","PHI","88","74","40","604","162","1435.0","7.27","3.05","1.19",".283","72.4%","44.4%","13.3%","","4.21","","4.29","3.94","16.0"
"2012","BAL","93","69","55","654","162","1483.0","7.14","2.92","1.12",".285","73.8%","44.7%","11.7%","92.2","3.90","","4.20","4.14","16.0"
"2021","LAA","77","85","39","724","162","1421.2","9.20","3.75","1.19",".305","69.6%","44.5%","13.5%","92.9","4.69","","4.25","4.26","16.0"
"2007","ARI","90","72","51","631","162","1441.0","6.80","3.41","1.06",".293","72.7%","43.9%","10.3%","90.2","4.13","","4.52","4.42","16.0"
"2015","MIN","83","79","45","682","162","1443.0","6.52","2.58","1.02",".300","72.8%","44.0%","10.4%","92.5","4.07","","4.10","4.23","16.0"
"2014","STL","90","72","55","647","162","1448.2","7.59","2.92","0.76",".286","74.4%","45.4%","8.6%","94.1","3.50","","3.65","3.77","15.9"
"2006","TEX","80","82","42","651","162","1431.1","6.11","3.12","1.02",".307","70.6%","46.4%","10.4%","","4.61","","4.44","4.50","15.8"
"2013","BOS","97","65","33","612","162","1454.0","8.01","3.24","0.97",".294","74.5%","42.9%","10.2%","92.5","3.79","","3.84","3.89","15.8"
"2015","BAL","81","81","43","615","162","1434.2","7.73","3.03","1.09",".298","73.6%","45.2%","12.0%","93.2","4.05","","4.11","4.04","15.8"
"2003","SFG","100","61","43","622","161","1437.1","6.30","3.42","0.85",".278","74.4%","43.5%","8.9%","","3.73","","4.09","4.40","15.7"
"2016","BAL","89","73","54","605","162","1432.0","7.84","3.43","1.15",".299","73.7%","44.8%","12.6%","93.3","4.22","","4.31","4.34","15.7"
"2013","SEA","71","91","43","610","162","1465.0","7.97","2.94","1.07",".303","70.7%","45.3%","11.8%","93.1","4.32","","3.89","3.72","15.7"
"2004","BAL","78","84","27","614","162","1455.1","6.74","4.25","0.98",".298","69.8%","45.6%","9.9%","","4.71","","4.52","4.71","15.7"
"2010","SEA","61","101","38","520","162","1438.0","6.09","2.83","0.98",".279","71.4%","43.4%","9.0%","91.3","3.95","","4.17","4.23","15.7"
"2017","STL","83","79","43","708","162","1450.1","8.38","3.06","1.14",".298","73.6%","46.3%","13.5%","94.3","4.01","","4.09","4.12","15.7"
"2010","BOS","89","73","44","605","162","1456.2","7.46","3.58","0.94",".292","70.8%","43.6%","9.0%","92.4","4.19","","4.08","4.13","15.7"
"2021","MIA","67","95","33","757","162","1415.0","8.78","3.36","1.03",".290","71.6%","44.6%","12.0%","93.8","3.96","","4.01","4.21","15.7"
"2004","PIT","72","89","46","625","161","1428.0","6.80","3.63","0.94",".301","71.5%","45.0%","9.9%","","4.31","","4.24","4.42","15.7"
"2009","TOR","75","87","25","607","162","1451.0","7.33","3.42","1.12",".308","72.2%","45.0%","11.6%","91.8","4.47","","4.35","4.13","15.6"
"2010","ATL","91","71","41","652","162","1439.1","7.76","3.16","0.79",".290","73.4%","49.9%","9.3%","93.0","3.57","","3.65","3.65","15.6"
"2004","SDP","87","75","44","599","162","1441.0","6.74","2.64","1.15",".290","73.2%","42.9%","11.2%","","4.03","","4.19","4.19","15.6"
"2016","MIA","79","82","55","720","161","1435.0","8.65","3.73","0.95",".303","74.0%","43.0%","10.9%","93.9","4.05","","3.97","4.21","15.5"
"2005","STL","100","62","48","598","162","1445.2","6.06","2.76","0.95",".282","75.1%","50.7%","11.6%","","3.49","","4.09","3.98","15.5"
"2021","ATL","88","73","40","742","161","1410.2","9.04","3.29","1.17",".280","74.4%","43.7%","13.5%","94.3","3.89","","4.09","4.09","15.5"
"2010","HOU","76","86","45","669","162","1439.1","7.57","3.43","0.88",".305","71.0%","44.3%","8.8%","92.2","4.09","","3.89","3.97","15.5"
"2003","MON","83","79","42","599","162","1437.2","6.44","2.90","1.13",".290","73.5%","44.6%","12.2%","","4.01","","4.35","4.22","15.5"
"2000","SEA","91","71","44","545","162","1441.2","6.23","3.96","1.04",".288","70.9%","","","","4.53","","4.65","","15.5"
"2006","TOR","87","75","42","644","162","1428.1","6.78","3.18","1.17",".292","71.7%","46.3%","12.3%","","4.37","","4.51","4.31","15.4"
"2011","FLA","72","90","40","670","162","1459.2","7.51","3.08","0.92",".292","71.5%","44.6%","9.6%","92.3","3.95","","3.79","3.80","15.3"
"2002","CLE","74","88","34","583","162","1424.2","6.68","3.81","0.90",".310","67.6%","45.4%","9.7%","","4.91","","4.16","4.29","15.3"
"2010","TOR","85","77","45","617","162","1440.2","7.40","3.37","0.94",".297","71.2%","45.7%","9.5%","91.8","4.23","","4.04","4.03","15.3"
"2012","ARI","81","81","39","623","162","1433.2","7.53","2.62","0.97",".301","72.0%","46.1%","11.0%","91.9","3.94","","3.81","3.84","15.3"
"2013","CHW","63","99","40","632","162","1455.0","7.73","3.15","1.13",".295","73.1%","43.3%","11.5%","92.4","4.00","","4.13","3.98","15.3"
"2019","SDP","70","92","47","705","162","1432.0","9.27","2.91","1.35",".299","70.0%","43.0%","14.8%","93.4","4.63","","4.22","4.29","15.2"
"2005","NYY","95","67","46","580","162","1430.2","6.20","2.91","1.03",".297","69.1%","47.0%","10.1%","","4.54","","4.28","4.36","15.2"
"2003","ATL","101","61","51","651","162","1456.1","6.13","3.43","0.91",".283","70.6%","47.6%","11.0%","","4.10","","4.21","4.24","15.2"
"2011","SDP","71","91","44","651","162","1449.1","7.07","3.24","0.78",".283","74.5%","44.0%","8.2%","92.4","3.43","","3.73","3.93","15.1"
"2003","TOR","86","76","35","605","162","1435.0","6.17","3.04","1.15",".302","69.2%","46.4%","12.7%","","4.69","","4.46","4.26","15.1"
"2012","KCR","72","90","44","662","162","1451.1","7.30","3.36","1.01",".311","72.4%","43.2%","10.5%","92.9","4.30","","4.18","4.29","15.1"
"2005","CHC","79","83","39","619","162","1440.0","7.85","3.60","1.16",".284","73.7%","46.0%","13.5%","","4.19","","4.26","3.90","15.1"
"2018","ATL","90","72","40","715","162","1456.2","8.79","3.92","0.95",".278","74.1%","43.3%","11.2%","93.7","3.75","","3.99","4.16","15.1"
"2008","FLA","84","77","36","672","161","1435.1","7.07","3.67","1.01",".290","70.6%","41.7%","9.8%","91.9","4.44","","4.37","4.42","15.1"
"2000","STL","95","67","37","548","162","1433.2","6.91","3.80","1.23",".285","72.4%","","","","4.40","","4.77","","15.0"
"2017","TBR","80","82","53","673","162","1445.0","8.42","3.13","1.20",".283","73.0%","43.0%","12.8%","93.7","3.99","","4.17","4.29","15.0"
"2011","LAA","86","76","39","548","162","1465.0","6.50","2.92","0.87",".282","74.5%","44.9%","8.8%","93.0","3.57","","3.89","4.01","15.0"
"2007","CIN","72","90","34","684","162","1449.2","6.63","2.99","1.23",".310","69.4%","40.0%","10.7%","89.9","4.95","","4.69","4.52","15.0"
"2018","PIT","82","79","40","641","161","1434.0","8.38","3.12","1.09",".296","73.6%","43.4%","12.1%","94.3","4.00","","4.06","4.14","14.9"
"2009","TEX","87","75","45","598","162","1434.2","6.37","3.33","1.07",".288","72.1%","42.5%","10.0%","92.4","4.38","","4.49","4.50","14.9"
"2019","STL","91","71","52","704","162","1444.0","8.72","3.40","1.19",".283","75.8%","44.9%","14.5%","93.9","3.82","","4.27","4.36","14.9"
"2004","TEX","89","73","52","630","162","1439.2","6.12","3.42","1.14",".297","71.8%","44.5%","11.0%","","4.54","","4.64","4.67","14.9"
"2009","KCR","65","97","34","588","162","1426.0","7.28","3.79","1.05",".307","68.0%","43.8%","10.0%","92.6","4.83","","4.36","4.38","14.9"
"2022","MIL","86","76","52","710","162","1446.0","9.52","3.24","1.18",".280","72.9%","43.8%","13.4%","93.1","3.83","","3.92","3.66","14.9"
"2008","PHI","92","70","47","630","162","1449.2","6.71","3.31","0.99",".292","74.8%","44.8%","10.8%","91.2","3.89","","4.30","4.22","14.9"
"2013","NYY","85","77","49","590","162","1447.1","7.67","2.72","1.06",".302","74.6%","44.0%","11.5%","92.7","3.94","","3.89","3.76","14.8"
"2008","SFG","72","90","41","640","162","1442.0","7.74","4.07","0.92",".300","71.4%","39.2%","8.8%","91.9","4.38","","4.24","4.45","14.8"
"2006","CIN","80","82","36","638","162","1445.2","6.56","2.89","1.33",".301","72.1%","41.5%","12.2%","","4.53","","4.69","4.47","14.7"
"2015","TBR","80","82","60","692","162","1453.1","8.39","2.95","1.08",".284","75.1%","41.8%","11.2%","93.6","3.74","","3.91","3.94","14.7"
"2007","NYM","88","74","39","661","162","1452.1","7.03","3.53","1.02",".287","71.4%","40.8%","9.2%","90.5","4.27","","4.46","4.52","14.6"
"2008","MIL","90","72","45","607","162","1455.2","6.86","3.26","1.08",".285","74.5%","45.4%","11.7%","92.2","3.87","","4.34","4.14","14.6"
"2008","OAK","75","86","33","602","161","1435.0","6.65","3.61","0.85",".287","72.2%","41.2%","8.0%","90.7","4.01","","4.19","4.53","14.6"
"2013","MIA","62","100","36","633","162","1460.0","7.26","3.24","0.75",".292","73.2%","45.3%","8.4%","93.9","3.71","","3.69","3.96","14.6"
"2021","TOR","91","71","34","698","162","1405.1","9.40","3.03","1.34",".284","75.5%","43.0%","14.5%","93.5","3.91","","4.18","4.06","14.5"
"2014","LAA","98","64","46","705","162","1482.2","8.15","3.06","0.76",".285","73.3%","41.7%","8.0%","92.7","3.58","","3.57","3.78","14.5"
"2018","MIL","96","67","49","722","163","1461.0","8.80","3.41","1.07",".279","74.4%","43.2%","12.5%","92.7","3.73","","4.01","4.04","14.5"
"2005","WSN","81","81","51","632","162","1458.0","6.15","3.33","0.86",".290","74.5%","40.2%","8.3%","","3.87","","4.16","4.51","14.5"
"2013","TBR","92","71","42","648","163","1464.0","8.05","2.96","0.94",".284","73.6%","44.6%","10.6%","93.7","3.74","","3.71","3.71","14.5"
"2016","SEA","86","76","49","638","162","1457.0","8.14","2.84","1.32",".292","74.9%","43.4%","13.8%","93.5","4.00","","4.30","4.17","14.5"
"2021","OAK","86","76","39","666","162","1433.0","8.37","2.76","1.20",".290","73.7%","40.3%","11.8%","93.2","4.02","","4.10","4.35","14.4"
"2001","HOU","93","69","48","567","162","1454.2","7.60","3.01","1.37",".291","73.0%","","","","4.39","","4.48","","14.4"
"2005","ATL","90","72","38","646","162","1443.2","5.79","3.24","0.90",".294","74.3%","46.7%","10.3%","","3.98","","4.19","4.23","14.4"
"2018","STL","88","74","43","727","162","1455.1","8.27","3.67","0.89",".293","73.0%","44.6%","10.5%","93.7","3.85","","3.97","4.24","14.4"
"2012","NYM","74","88","36","667","162","1434.0","7.78","3.06","1.01",".290","71.1%","42.6%","10.5%","91.3","4.09","","3.93","4.04","14.3"
"2017","PHI","66","96","33","668","162","1441.0","8.18","3.29","1.38",".304","73.0%","42.9%","14.1%","93.4","4.57","","4.56","4.50","14.3"
"2012","MIL","83","79","44","674","162","1453.2","8.68","3.25","1.05",".313","72.1%","43.8%","12.1%","92.2","4.22","","3.82","3.73","14.3"
"2014","MIN","70","92","38","653","162","1435.0","6.47","2.56","0.92",".315","68.9%","41.8%","8.6%","92.1","4.58","","3.97","4.12","14.3"
"2011","BOS","90","72","36","606","162","1457.1","7.49","3.33","0.96",".285","70.8%","42.3%","9.1%","92.8","4.20","","4.05","4.13","14.3"
"2011","ATL","89","73","52","672","162","1479.2","8.10","3.17","0.76",".288","75.2%","47.5%","9.2%","92.6","3.49","","3.49","3.54","14.2"
"2014","TOR","83","79","45","611","162","1443.0","7.48","3.06","0.94",".294","72.7%","42.9%","9.4%","92.4","4.00","","3.97","3.99","14.2"
"2019","TEX","78","84","33","661","162","1438.0","8.63","3.65","1.51",".312","70.5%","41.8%","15.4%","93.7","5.09","","4.84","4.82","14.2"
"2016","SFG","87","75","43","737","162","1460.1","8.07","2.71","0.97",".287","74.3%","45.3%","10.8%","92.7","3.69","","3.76","4.01","14.2"
"2002","STL","97","65","42","634","162","1446.1","6.28","3.40","0.88",".277","74.5%","43.7%","9.1%","","3.70","","4.09","4.31","14.2"
"2007","SEA","88","74","43","618","162","1434.1","6.40","3.43","0.92",".315","69.3%","43.6%","8.4%","90.3","4.77","","4.42","4.62","14.2"
"2006","PHI","85","77","42","662","162","1460.1","7.01","3.16","1.30",".304","71.9%","43.7%","13.0%","","4.61","","4.65","4.33","14.2"
"2009","FLA","87","75","45","692","162","1446.1","7.77","3.74","1.00",".298","70.7%","43.3%","9.9%","92.8","4.32","","4.15","4.18","14.1"
"2018","CHC","95","68","46","763","163","1476.1","8.13","3.79","0.96",".284","76.2%","45.0%","11.5%","92.4","3.65","","4.14","4.29","14.1"
"2018","SFG","73","89","36","711","162","1461.1","7.82","3.23","0.96",".293","72.3%","44.5%","11.0%","92.3","3.95","","3.98","4.20","14.1"
"2000","TOR","83","79","37","550","162","1437.1","6.12","3.51","1.22",".310","67.7%","","","","5.17","","4.84","","14.1"
"2014","TBR","77","85","37","656","162","1463.2","8.84","2.96","0.89",".286","74.1%","40.8%","9.1%","93.1","3.56","","3.56","3.62","14.1"
"2021","SEA","90","72","51","746","162","1440.1","8.30","3.03","1.23",".288","71.1%","40.5%","12.1%","93.2","4.30","","4.26","4.47","14.1"
"2022","MIA","69","93","41","694","162","1437.1","9.00","3.20","1.08",".295","73.8%","44.6%","12.6%","94.5","3.87","","3.90","3.75","14.1"
"2010","NYM","79","83","36","653","162","1453.0","6.85","3.38","0.84",".296","74.9%","44.8%","8.4%","91.2","3.73","","4.00","4.14","14.1"
"2001","MON","68","94","28","653","162","1431.1","6.94","3.30","1.19",".302","70.1%","","","","4.69","","4.46","","14.0"
"2002","CHW","81","81","35","585","162","1423.0","5.98","3.34","1.20",".279","69.5%","42.1%","11.3%","","4.57","","4.61","4.52","14.0"
"2001","ANA","75","87","43","546","162","1437.2","5.93","3.29","1.05",".286","72.6%","","","","4.20","","4.48","","14.0"
"2005","TOR","80","82","35","594","162","1447.0","5.96","2.76","1.15",".286","74.2%","45.7%","11.7%","","4.06","","4.42","4.26","14.0"
"2016","PHI","71","91","43","667","162","1437.0","8.14","2.92","1.33",".304","70.5%","41.0%","13.8%","93.0","4.64","","4.34","4.21","13.9"
"2005","BOS","95","67","38","604","162","1429.0","6.04","2.77","1.03",".303","68.9%","42.4%","9.6%","","4.74","","4.28","4.44","13.9"
"2000","MON","67","95","39","614","162","1424.2","6.39","3.66","1.14",".309","66.9%","","","","5.14","","4.71","","13.8"
"2000","CIN","85","77","42","550","163","1456.1","6.27","4.07","1.17",".282","73.5%","","","","4.33","","4.88","","13.8"
"2022","SEA","90","72","40","698","162","1447.0","8.65","2.78","1.16",".279","76.1%","39.8%","11.2%","93.8","3.59","","3.90","3.93","13.8"
"2015","KCR","95","67","56","655","162","1452.0","7.19","3.03","0.96",".286","75.0%","42.8%","9.9%","93.3","3.74","","4.04","4.25","13.8"
"2010","CHC","75","87","40","644","162","1436.2","7.94","3.79","0.96",".298","70.4%","43.3%","9.5%","91.6","4.24","","4.11","4.08","13.8"
"2021","COL","74","87","33","704","161","1397.0","8.18","3.47","1.26",".302","69.8%","44.8%","14.3%","94.5","4.83","","4.47","4.38","13.8"
"2012","PIT","79","83","45","645","162","1433.1","7.48","3.08","0.96",".286","72.6%","46.6%","11.0%","93.0","3.91","","3.94","3.97","13.7"
"2005","TEX","79","83","46","616","162","1440.0","5.83","3.26","0.99",".304","67.4%","46.0%","10.0%","","4.97","","4.37","4.46","13.7"
"2009","LAA","97","65","51","596","162","1445.0","6.61","3.26","1.12",".301","72.4%","41.7%","10.1%","91.8","4.45","","4.45","4.46","13.7"
"2013","PHI","73","89","32","628","162","1436.1","7.51","3.17","0.95",".306","70.5%","44.5%","10.1%","92.2","4.34","","3.94","4.00","13.7"
"2007","MIN","79","83","38","600","162","1436.2","6.85","2.63","1.16",".301","72.9%","42.9%","10.6%","92.5","4.18","","4.37","4.22","13.7"
"2015","TOR","93","69","34","631","162","1441.0","6.98","2.48","1.08",".278","72.7%","43.7%","11.0%","91.8","3.81","","4.09","4.14","13.7"
"2017","KCR","80","82","39","700","162","1437.2","7.61","3.25","1.23",".303","70.9%","43.7%","12.0%","92.9","4.63","","4.43","4.68","13.7"
"2010","OAK","81","81","38","585","162","1431.2","6.73","3.22","0.96",".274","75.1%","46.1%","9.7%","91.6","3.58","","4.12","4.08","13.7"
"2016","OAK","69","93","42","654","162","1433.1","7.46","2.91","1.16",".299","70.7%","46.2%","12.5%","93.0","4.51","","4.24","4.28","13.7"
"2011","COL","73","89","41","679","162","1447.2","6.95","3.25","1.09",".298","70.6%","46.1%","11.6%","93.0","4.44","","4.24","3.98","13.6"
"2001","PHI","86","76","47","635","162","1445.1","6.76","3.28","1.06",".287","72.9%","","","","4.16","","4.31","","13.6"
"2014","SEA","87","75","51","659","162","1452.0","8.16","2.87","0.85",".275","76.8%","45.4%","9.9%","92.1","3.17","","3.61","3.57","13.6"
"2000","TBD","69","92","38","562","161","1431.1","6.00","3.35","1.24",".299","69.9%","","","","4.86","","4.85","","13.6"
"2010","LAA","80","82","39","572","162","1449.1","7.02","3.51","0.92",".292","72.9%","42.6%","8.5%","92.6","4.04","","4.11","4.24","13.5"
"2009","ARI","70","92","36","645","162","1447.2","7.20","3.26","1.04",".298","69.8%","43.2%","10.3%","91.6","4.44","","4.20","4.17","13.5"
"2007","NYY","94","68","34","684","162","1450.2","6.26","3.59","0.93",".299","70.6%","42.8%","8.5%","91.6","4.50","","4.51","4.70","13.5"
"2021","SDP","79","83","43","786","162","1430.0","9.55","3.25","1.29",".287","73.6%","42.8%","14.3%","94.4","4.10","","4.18","4.08","13.5"
"2012","MIA","69","93","38","645","162","1440.2","6.95","3.09","0.83",".300","70.3%","45.0%","9.2%","92.2","4.10","","3.89","4.17","13.5"
"2018","OAK","97","65","44","740","162","1465.2","7.60","2.91","1.13",".270","73.5%","43.6%","12.2%","92.6","3.82","","4.18","4.25","13.5"
"2001","CHW","83","79","51","568","162","1433.1","5.78","3.14","1.14",".285","69.9%","","","","4.55","","4.64","","13.4"
"2004","PHI","86","76","43","638","162","1462.2","6.58","3.09","1.32",".286","72.6%","42.4%","12.3%","","4.47","","4.65","4.48","13.4"
"2006","BOS","86","76","46","616","162","1441.1","6.68","3.18","1.13",".311","69.8%","43.8%","10.8%","","4.83","","4.50","4.50","13.4"
"2022","STL","93","69","37","628","162","1435.2","7.38","3.07","0.92",".287","74.2%","47.2%","10.7%","93.8","3.79","","3.94","4.03","13.4"
"2002","NYM","75","86","36","612","161","1442.2","6.91","3.39","1.02",".287","73.3%","42.7%","10.2%","","3.91","","4.14","4.21","13.4"
"2006","SEA","78","84","47","591","162","1446.2","6.64","3.48","1.14",".297","71.1%","42.9%","10.7%","","4.60","","4.59","4.61","13.4"
"2000","MIN","69","93","35","574","162","1432.2","6.55","3.24","1.33",".314","69.1%","","","","5.16","","4.76","","13.3"
"2001","FLA","76","86","32","592","162","1438.0","7.00","3.86","0.95",".292","71.6%","","","","4.32","","4.29","","13.2"
"2000","PIT","69","93","27","628","162","1449.0","6.65","4.42","1.01",".308","68.5%","","","","4.94","","4.72","","13.2"
"2019","CHW","72","89","33","697","161","1412.2","8.36","3.71","1.52",".302","71.3%","43.2%","15.9%","94.4","4.91","","4.89","4.81","13.2"
"2008","CLE","81","81","31","561","162","1437.0","6.18","2.78","1.06",".301","70.7%","44.7%","10.5%","90.8","4.46","","4.33","4.28","13.2"
"2000","FLA","79","82","48","590","161","1429.2","6.62","4.09","1.06",".298","71.0%","","","","4.59","","4.65","","13.1"
"2016","COL","75","87","37","695","162","1429.1","7.70","3.44","1.14",".317","68.0%","49.1%","14.1%","93.7","4.92","","4.38","4.23","13.1"
"2007","ATL","84","78","36","690","162","1456.1","6.83","3.32","1.06",".288","72.4%","45.3%","10.8%","91.3","4.11","","4.45","4.29","13.1"
"2002","PHI","80","81","47","611","161","1449.2","6.67","3.54","0.95",".282","71.8%","46.5%","10.4%","","4.17","","4.18","4.21","13.1"
"2015","OAK","68","94","28","649","162","1444.2","7.34","2.95","1.07",".289","71.0%","45.0%","11.4%","92.7","4.16","","4.13","4.13","13.0"
"2006","SFG","76","85","37","599","161","1429.2","6.24","3.68","0.96",".287","69.1%","41.9%","8.9%","","4.64","","4.52","4.83","13.0"
"2004","CHW","83","79","34","561","162","1432.1","6.37","3.31","1.41",".293","70.7%","43.5%","13.8%","","4.91","","4.87","4.50","13.0"
"2008","NYM","89","73","43","719","162","1464.1","7.26","3.63","1.00",".289","73.6%","43.1%","10.5%","92.2","4.07","","4.32","4.26","13.0"
"2014","BAL","96","66","53","641","162","1461.1","7.23","2.91","0.93",".280","77.0%","43.8%","9.8%","92.9","3.44","","3.96","3.92","12.9"
"2019","ARI","85","77","45","719","162","1465.0","8.77","3.17","1.35",".295","74.0%","43.1%","15.2%","92.5","4.25","","4.40","4.42","12.9"
"2014","CIN","76","86","44","590","162","1446.0","8.03","3.16","1.01",".277","76.5%","45.1%","11.6%","94.0","3.59","","4.01","3.75","12.8"
"2010","CIN","91","71","43","664","162","1453.0","7.00","3.25","0.98",".288","73.6%","42.9%","9.4%","92.4","4.02","","4.12","4.13","12.8"
"2008","MIN","88","75","42","648","163","1459.0","6.14","2.50","1.13",".301","72.0%","42.0%","10.2%","92.2","4.18","","4.30","4.29","12.8"
"2014","NYM","79","83","42","651","162","1463.2","8.01","3.13","0.87",".295","75.7%","45.8%","9.9%","93.4","3.49","","3.75","3.70","12.7"
"2004","SFG","91","71","46","683","162","1457.0","6.30","3.39","0.99",".290","70.6%","44.9%","10.0%","","4.34","","4.31","4.49","12.7"
"2008","SDP","63","99","30","653","162","1458.1","6.79","3.46","1.02",".294","70.9%","42.4%","10.1%","90.3","4.41","","4.33","4.33","12.7"
"2021","KCR","74","88","37","718","162","1417.1","8.53","3.75","1.20",".301","70.3%","42.2%","12.6%","94.0","4.64","","4.39","4.52","12.7"
"2022","COL","68","94","43","659","162","1425.1","7.50","3.40","1.16",".312","66.8%","44.1%","12.1%","94.0","5.08","","4.38","4.29","12.6"
"2012","CLE","68","94","43","656","162","1442.0","6.78","3.39","1.09",".300","67.6%","45.9%","11.4%","93.0","4.79","","4.40","4.39","12.6"
"2016","TEX","95","67","56","641","162","1443.0","7.20","3.33","1.25",".292","72.8%","45.5%","13.5%","92.9","4.38","","4.58","4.49","12.6"
"2009","PIT","62","99","28","617","161","1418.1","5.83","3.57","0.96",".300","70.6%","43.8%","9.1%","92.3","4.59","","4.48","4.63","12.6"
"2006","PIT","67","95","39","667","162","1435.0","6.65","3.89","0.98",".312","71.3%","45.5%","10.4%","","4.55","","4.53","4.59","12.5"
"2019","MIL","89","73","50","750","162","1459.1","9.23","3.52","1.39",".292","73.1%","42.2%","15.6%","93.9","4.40","","4.46","4.42","12.5"
"2009","MIN","87","76","48","643","163","1453.0","6.52","2.89","1.15",".301","72.0%","40.9%","9.7%","92.4","4.50","","4.39","4.45","12.5"
"2021","STL","90","72","50","718","162","1417.0","7.78","3.86","0.97",".272","73.2%","43.7%","10.8%","93.4","4.00","","4.30","4.66","12.4"
"2019","ATL","97","65","44","737","162","1450.2","8.64","3.40","1.26",".302","73.8%","45.2%","15.0%","93.2","4.20","","4.39","4.42","12.4"
"2009","TBR","84","78","41","672","162","1427.1","7.09","3.25","1.15",".289","71.2%","41.5%","10.5%","92.5","4.36","","4.37","4.30","12.4"
"2005","BAL","74","88","38","636","162","1427.2","6.63","3.66","1.13",".292","70.2%","45.5%","11.9%","","4.56","","4.51","4.34","12.4"
"2018","SDP","66","96","36","697","162","1457.0","8.64","3.21","1.14",".305","71.1%","44.4%","13.6%","92.1","4.41","","4.10","3.99","12.4"
"2009","PHI","93","69","44","621","162","1455.2","7.13","3.02","1.17",".296","75.0%","40.8%","11.0%","91.1","4.16","","4.36","4.22","12.4"
"2004","NYM","71","91","31","636","162","1449.0","6.07","3.68","0.97",".284","72.7%","45.7%","9.9%","","4.10","","4.43","4.61","12.3"
"2006","FLA","78","84","41","600","162","1433.1","6.83","3.91","1.04",".299","72.0%","42.7%","10.0%","","4.37","","4.59","4.72","12.2"
"2001","STL","93","69","38","646","162","1435.1","6.79","3.30","1.23",".281","76.1%","","","","3.96","","4.57","","12.2"
"2015","MIA","71","91","35","648","162","1427.0","7.27","3.20","0.89",".294","72.3%","44.5%","9.5%","93.7","4.04","","3.98","4.23","12.2"
"2014","SDP","77","85","41","643","162","1438.2","8.03","2.89","0.73",".289","74.9%","45.2%","8.6%","92.2","3.27","","3.46","3.57","12.2"
"2002","TOR","78","84","41","623","162","1438.1","6.20","3.69","1.11",".294","69.7%","43.9%","10.9%","","4.81","","4.56","4.53","12.2"
"2018","LAA","80","82","35","763","162","1437.1","8.68","3.42","1.28",".294","74.1%","42.1%","14.1%","93.0","4.15","","4.36","4.18","12.2"
"2015","LAA","85","77","46","680","162","1440.2","7.63","2.91","1.04",".285","73.3%","41.5%","10.0%","91.8","3.94","","4.05","4.26","12.2"
"2007","KCR","69","93","36","610","162","1437.1","6.22","3.26","1.05",".304","71.0%","41.1%","9.3%","91.5","4.50","","4.55","4.61","12.1"
"2003","CLE","68","94","34","590","162","1459.1","5.82","3.09","1.10",".284","70.6%","44.0%","11.7%","","4.21","","4.50","4.43","12.1"
"2016","KCR","81","81","41","634","162","1440.0","8.04","3.23","1.29",".298","75.4%","44.3%","13.4%","93.8","4.21","","4.42","4.33","12.1"
"2000","BAL","74","88","33","558","162","1433.1","6.39","4.18","1.27",".298","67.9%","","","","5.37","","5.01","","12.0"
"2011","STL","90","72","47","630","162","1462.0","6.76","2.76","0.84",".296","71.6%","47.7%","9.3%","93.2","3.79","","3.75","3.79","12.0"
"2018","ARI","82","80","39","735","162","1463.0","8.91","3.21","1.07",".289","75.7%","47.3%","13.7%","92.1","3.73","","3.91","3.81","12.0"
"2011","NYM","77","85","43","676","162","1448.0","7.00","3.19","0.91",".299","71.2%","46.1%","9.4%","92.0","4.19","","4.00","4.04","11.9"
"2022","BAL","83","79","46","703","162","1433.1","7.62","2.78","1.07",".296","73.2%","43.2%","10.9%","93.5","3.97","","4.03","4.10","11.9"
"2005","ARI","77","85","45","620","162","1456.1","6.41","3.32","1.19",".303","69.3%","45.4%","12.9%","","4.87","","4.55","4.25","11.9"
"2015","BOS","78","84","40","637","162","1448.1","7.57","2.97","1.11",".305","71.6%","44.1%","11.6%","93.1","4.34","","4.17","4.14","11.8"
"2002","FLA","79","83","36","623","162","1456.1","6.82","3.90","0.93",".295","71.4%","43.1%","9.6%","","4.36","","4.21","4.37","11.8"
"2007","HOU","73","89","38","638","162","1464.2","6.81","3.13","1.27",".300","71.7%","44.0%","11.5%","90.8","4.70","","4.73","4.44","11.8"
"2011","ARI","94","68","58","625","162","1443.1","6.60","2.76","0.99",".286","73.9%","41.9%","9.5%","92.0","3.80","","4.02","4.05","11.8"
"2003","BAL","71","91","41","588","163","1449.2","6.09","3.27","1.23",".301","71.5%","42.4%","12.4%","","4.76","","4.71","4.54","11.8"
"2004","TOR","67","94","37","592","161","1421.0","6.05","3.85","1.15",".296","70.3%","44.7%","11.2%","","4.93","","4.77","4.77","11.7"
"2001","MIN","85","77","45","564","162","1441.1","6.03","2.78","1.20",".287","71.2%","","","","4.51","","4.48","","11.7"
"2005","SFG","75","87","46","673","162","1444.1","6.06","3.69","0.94",".289","71.6%","42.2%","9.0%","","4.35","","4.35","4.59","11.7"
"2015","DET","74","87","35","666","161","1447.0","6.84","3.04","1.20",".298","69.7%","42.9%","12.0%","93.1","4.64","","4.46","4.36","11.7"
"2009","HOU","74","88","39","659","162","1430.0","7.20","3.44","1.11",".311","72.0%","45.6%","11.5%","92.5","4.54","","4.35","4.16","11.6"
"2011","WSN","80","81","49","664","161","1449.1","6.51","2.96","0.80",".287","73.6%","44.6%","8.2%","93.2","3.58","","3.83","4.04","11.6"
"2017","DET","64","98","32","672","162","1420.1","7.62","3.41","1.38",".320","68.7%","39.4%","12.8%","93.4","5.36","","4.73","4.87","11.5"
"2013","MIN","66","96","40","673","162","1450.1","6.11","2.84","1.04",".309","70.2%","43.7%","10.2%","91.2","4.55","","4.23","4.28","11.5"
"2012","ATL","94","68","47","622","162","1445.1","7.67","2.89","0.90",".284","75.4%","47.2%","10.8%","92.0","3.42","","3.74","3.80","11.4"
"2010","STL","86","76","32","617","162","1453.2","6.77","2.95","0.82",".292","74.0%","49.5%","9.2%","92.1","3.57","","3.85","3.87","11.4"
"2017","SFG","64","98","32","664","162","1452.0","7.65","3.07","1.13",".308","71.1%","42.5%","11.5%","92.7","4.50","","4.22","4.53","11.4"
"2018","MIN","78","84","37","728","162","1443.1","8.59","3.57","1.23",".302","72.4%","41.6%","13.2%","92.7","4.50","","4.39","4.33","11.4"
"2008","HOU","86","75","48","649","161","1425.1","6.91","3.11","1.24",".293","72.8%","43.3%","12.1%","91.6","4.39","","4.53","4.24","11.4"
"2003","ANA","77","85","39","537","162","1431.1","6.16","3.06","1.19",".283","72.6%","39.4%","11.1%","","4.28","","4.57","4.58","11.3"
"2002","CIN","78","84","42","624","162","1453.2","6.07","3.41","1.07",".293","71.5%","45.8%","11.5%","","4.29","","4.41","4.31","11.3"
"2013","CHC","66","96","39","651","162","1448.0","7.36","3.36","0.99",".279","72.8%","42.4%","10.3%","92.7","4.00","","4.10","4.13","11.3"
"2005","LAD","71","91","40","620","162","1427.1","6.33","2.97","1.15",".285","70.8%","45.9%","12.0%","","4.38","","4.40","4.20","11.3"
"2002","DET","55","106","33","533","161","1414.0","5.05","2.95","1.04",".302","66.4%","42.3%","9.3%","","4.94","","4.45","4.68","11.2"
"2020","CLE","35","25","20","241","60","536.0","10.43","2.64","1.14",".285","78.5%","40.5%","13.4%","93.3","3.29","","3.55","3.73","11.2"
"2017","TEX","78","84","29","626","162","1434.1","6.95","3.51","1.34",".289","70.9%","44.2%","13.6%","93.3","4.70","","4.88","4.89","11.2"
"2013","BAL","85","77","57","635","162","1453.0","7.24","2.93","1.25",".291","74.6%","42.2%","12.9%","92.7","4.20","","4.33","3.99","11.1"
"2016","MIL","73","89","46","675","162","1434.1","7.37","3.34","1.12",".300","73.1%","46.0%","12.4%","93.3","4.10","","4.37","4.42","11.1"
"2009","SDP","75","87","45","689","162","1450.2","7.36","3.74","1.04",".294","70.9%","43.5%","10.1%","91.0","4.37","","4.30","4.29","11.1"
"2007","DET","88","74","44","605","162","1447.1","6.51","3.52","1.08",".295","70.7%","44.2%","10.2%","92.5","4.58","","4.67","4.59","11.1"
"2015","TEX","88","74","45","660","162","1442.2","6.83","3.17","1.07",".294","72.4%","44.2%","11.2%","92.8","4.25","","4.34","4.37","11.0"
"2017","LAA","80","82","43","705","162","1440.2","8.20","2.94","1.40",".289","74.9%","41.6%","14.1%","92.9","4.20","","4.43","4.37","11.0"
"2007","BAL","69","93","30","652","162","1438.2","6.80","4.35","1.01",".302","68.4%","44.9%","9.7%","90.4","5.19","","4.78","4.78","11.0"
"2011","CHC","71","91","40","657","162","1434.1","7.68","3.64","1.02",".301","71.3%","43.0%","10.3%","92.0","4.34","","4.11","4.02","11.0"
"2006","ATL","79","83","38","684","162","1441.1","6.55","3.57","1.14",".300","71.1%","45.0%","11.6%","","4.60","","4.65","4.53","11.0"
"2000","TEX","71","91","39","577","162","1429.0","5.78","4.16","1.27",".314","67.5%","","","","5.52","","5.21","","11.0"
"2000","PHI","65","97","34","575","162","1438.2","7.03","4.00","1.26",".292","70.5%","","","","4.79","","4.81","","10.9"
"2007","PIT","68","94","32","657","162","1447.2","6.20","3.22","1.08",".315","69.5%","44.1%","10.0%","91.3","4.94","","4.66","4.60","10.9"
"2012","SFG","94","68","53","688","162","1451.0","7.67","3.03","0.88",".289","73.6%","46.0%","9.9%","91.4","3.68","","3.78","3.95","10.9"
"2014","MIL","82","80","45","640","162","1457.2","7.69","2.66","1.03",".289","74.0%","45.6%","11.3%","92.6","3.67","","3.89","3.65","10.9"
"2018","TEX","67","95","42","668","162","1431.0","7.05","3.09","1.40",".299","69.6%","43.0%","14.1%","93.0","4.92","","4.79","4.58","10.9"
"2004","DET","72","90","35","594","162","1439.2","6.22","3.31","1.19",".299","68.9%","45.9%","11.7%","","4.93","","4.60","4.52","10.9"
"2015","CIN","64","98","35","683","162","1453.1","7.75","3.37","1.10",".297","71.7%","44.1%","12.1%","94.0","4.35","","4.24","4.14","10.8"
"2021","CLE","80","82","39","697","162","1408.0","8.89","3.34","1.38",".282","72.8%","42.6%","14.7%","93.9","4.34","","4.43","4.27","10.7"
"2014","CHW","73","89","36","615","162","1441.0","7.20","3.48","0.87",".306","70.4%","46.1%","9.4%","93.0","4.30","","4.10","4.11","10.7"
"2022","MIN","78","84","28","710","162","1437.0","8.37","2.93","1.15",".285","73.3%","40.0%","11.0%","92.8","3.98","","4.03","4.10","10.7"
"2016","MIN","59","103","26","695","162","1443.0","7.43","2.99","1.38",".319","68.3%","43.0%","13.9%","92.5","5.09","","4.57","4.42","10.7"
"2011","TOR","81","81","33","636","162","1458.2","7.21","3.33","1.10",".290","71.6%","44.4%","11.3%","92.7","4.33","","4.29","4.06","10.7"
"2011","KCR","71","91","37","582","162","1451.1","6.70","3.45","1.01",".299","71.5%","43.9%","9.9%","93.1","4.45","","4.27","4.24","10.7"
"2004","ARI","51","111","33","633","162","1436.0","7.23","4.19","1.23",".297","68.0%","46.1%","13.5%","","4.98","","4.78","4.47","10.6"
"2015","ARI","79","83","44","712","162","1466.2","7.46","3.07","1.12",".294","73.7%","45.7%","12.3%","93.6","4.05","","4.21","4.09","10.6"
"2016","TBR","68","94","42","647","162","1426.1","8.56","3.10","1.33",".297","74.2%","41.0%","13.1%","93.3","4.20","","4.26","4.22","10.6"
"2014","BOS","71","91","36","655","162","1465.2","7.45","2.96","0.95",".301","71.8%","43.6%","9.9%","92.6","4.01","","3.93","3.87","10.6"
"2010","WSN","69","93","37","656","162","1435.0","6.70","3.21","0.95",".297","70.8%","44.5%","9.4%","91.1","4.13","","4.12","4.13","10.4"
"2012","LAA","89","73","38","606","162","1433.1","7.26","3.03","1.17",".277","72.6%","43.9%","12.1%","92.7","4.02","","4.26","4.15","10.4"
"2001","COL","73","89","26","636","162","1430.0","6.66","3.76","1.50",".295","69.1%","","","","5.29","","5.13","","10.4"
"2006","CHC","66","96","29","704","162","1439.0","7.82","4.30","1.31",".286","70.9%","41.6%","12.8%","","4.74","","4.88","4.58","10.4"
"2009","NYM","70","92","39","673","162","1426.0","6.51","3.89","1.00",".292","71.8%","42.5%","9.1%","91.9","4.46","","4.50","4.66","10.4"
"2008","PIT","67","95","34","659","162","1455.0","5.96","4.06","1.09",".311","69.5%","44.0%","10.8%","92.3","5.10","","4.84","4.74","10.4"
"2019","DET","47","114","31","738","161","1433.0","8.59","3.37","1.57",".317","68.8%","42.7%","15.9%","92.7","5.26","","4.84","4.75","10.3"
"2015","PHI","63","99","35","665","162","1436.1","7.22","3.06","1.20",".316","71.1%","44.0%","12.2%","92.8","4.69","","4.40","4.29","10.3"
"2000","MIL","73","89","29","596","163","1466.1","5.94","4.47","1.07",".291","71.6%","","","","4.63","","4.98","","10.3"
"2005","COL","67","95","37","621","162","1418.2","6.22","3.83","1.11",".314","69.8%","44.2%","11.3%","","5.14","","4.70","4.59","10.2"
"2016","ARI","69","93","31","737","162","1451.1","8.17","3.74","1.25",".320","68.7%","46.0%","14.1%","93.7","5.09","","4.50","4.34","10.1"
"2013","LAA","78","84","41","658","162","1457.2","7.41","3.29","1.03",".300","72.3%","42.1%","10.4%","92.4","4.24","","4.08","4.10","10.1"
"2020","CIN","31","29","9","228","60","504.0","10.98","3.80","1.20",".278","72.8%","43.2%","14.6%","94.6","3.89","","3.92","3.95","10.1"
"2001","CIN","66","96","35","623","162","1442.2","5.88","3.21","1.24",".297","69.2%","","","","4.78","","4.70","","10.1"
"2018","DET","64","98","37","704","162","1425.1","7.67","3.10","1.36",".291","70.5%","39.6%","12.9%","92.2","4.60","","4.59","4.55","10.0"
"2001","BAL","63","98","31","554","162","1432.1","5.89","3.32","1.22",".289","69.6%","","","","4.70","","4.76","","9.9"
"2007","PHI","89","73","42","660","162","1458.1","6.48","3.44","1.22",".301","71.5%","43.5%","11.9%","90.8","4.76","","4.86","4.52","9.9"
"2009","CLE","65","97","25","607","162","1434.0","6.19","3.75","1.15",".305","68.9%","43.1%","10.3%","91.1","5.07","","4.73","4.69","9.9"
"2015","MIL","68","94","40","658","162","1435.0","7.90","3.24","1.10",".303","72.1%","46.1%","12.7%","93.0","4.28","","4.17","3.99","9.9"
"2022","CIN","62","100","31","736","162","1423.1","8.94","3.87","1.35",".298","71.1%","40.6%","13.3%","94.7","4.86","","4.59","4.31","9.9"
"2014","HOU","70","92","31","600","162","1438.2","7.11","3.03","0.87",".299","70.3%","46.4%","9.6%","92.6","4.14","","3.93","3.91","9.9"
"2018","CHW","62","100","34","715","162","1437.0","7.89","4.09","1.23",".292","69.4%","40.8%","11.7%","93.3","4.85","","4.73","4.88","9.8"
"2007","STL","78","84","34","678","162","1435.2","5.92","3.19","1.05",".293","68.1%","43.5%","9.6%","91.2","4.67","","4.66","4.67","9.8"
"2010","BAL","66","96","35","616","162","1436.1","6.31","3.26","1.17",".294","71.3%","42.1%","10.2%","92.2","4.59","","4.57","4.44","9.8"
"2022","BOS","78","84","39","738","162","1431.0","8.47","3.31","1.16",".304","69.8%","42.8%","11.8%","94.1","4.53","","4.17","4.11","9.8"
"2003","KCR","83","79","36","570","162","1438.2","5.41","3.54","1.19",".295","68.9%","41.6%","11.0%","","5.07","","4.86","4.90","9.7"
"2015","SDP","74","88","41","678","162","1440.1","8.70","3.22","1.07",".303","71.1%","46.9%","13.3%","93.3","4.09","","3.93","3.71","9.7"
"2010","CLE","69","93","34","632","162","1433.0","6.07","3.59","0.92",".297","71.4%","47.9%","9.3%","92.2","4.30","","4.40","4.41","9.7"
"2005","DET","71","91","37","587","162","1435.2","5.69","2.89","1.21",".290","70.4%","45.7%","11.9%","","4.52","","4.57","4.38","9.7"
"2004","MON","67","95","31","624","162","1447.0","6.42","3.62","1.19",".291","73.2%","44.6%","12.1%","","4.33","","4.71","4.58","9.7"
"2017","OAK","75","87","35","687","162","1431.0","7.56","3.16","1.32",".294","68.9%","44.9%","13.9%","92.8","4.67","","4.57","4.54","9.6"
"2022","PIT","62","100","33","666","162","1421.0","7.92","3.71","1.04",".304","68.7%","43.9%","10.9%","93.8","4.66","","4.27","4.34","9.5"
"2000","SDP","76","86","46","605","162","1459.1","6.61","4.00","1.18",".282","71.1%","","","","4.52","","4.84","","9.5"
"2013","TOR","74","88","39","649","162","1452.0","7.49","3.10","1.21",".293","72.3%","44.0%","12.3%","92.0","4.26","","4.30","4.04","9.5"
"2004","CLE","80","82","32","641","162","1466.2","6.84","3.55","1.23",".301","69.9%","43.8%","12.3%","","4.82","","4.62","4.47","9.4"
"2022","DET","66","96","38","742","162","1419.2","7.58","3.24","1.06",".284","71.3%","41.7%","10.2%","93.0","4.04","","4.16","4.34","9.4"
"2008","SEA","61","101","36","631","162","1435.1","6.37","3.93","1.01",".307","70.7%","44.7%","9.8%","91.5","4.73","","4.59","4.65","9.4"
"2014","SFG","88","74","46","637","162","1449.0","7.52","2.42","0.83",".282","72.7%","45.9%","9.4%","91.7","3.50","","3.58","3.59","9.4"
"2020","MIN","36","24","17","262","60","513.1","9.38","2.98","1.09",".288","76.8%","40.8%","12.1%","92.0","3.58","","3.79","4.15","9.4"
"2010","KCR","67","95","44","603","162","1436.2","6.48","3.45","1.10",".304","68.6%","42.5%","9.8%","92.3","4.97","","4.48","4.41","9.3"
"2017","SEA","78","84","39","689","162","1440.1","7.77","3.06","1.48",".283","72.7%","40.3%","14.1%","93.2","4.46","","4.70","4.64","9.3"
"2005","SEA","69","93","39","595","162","1427.2","5.62","3.13","1.13",".287","72.0%","41.4%","9.9%","","4.49","","4.56","4.68","9.3"
"2014","TEX","67","95","33","638","162","1426.1","7.00","3.19","1.01",".310","70.4%","39.5%","9.3%","92.2","4.49","","4.22","4.26","9.3"
"2012","HOU","55","107","31","703","162","1423.1","7.40","3.41","1.09",".306","70.0%","47.9%","12.2%","92.7","4.57","","4.27","4.15","9.3"
"2007","TBD","66","96","28","645","162","1429.2","7.52","3.58","1.25",".331","66.8%","41.8%","11.1%","92.0","5.53","","4.70","4.47","9.2"
"2012","COL","64","98","36","737","162","1422.0","7.24","3.58","1.25",".325","68.9%","45.2%","13.7%","92.9","5.22","","4.59","4.28","9.2"
"2008","TEX","79","83","36","619","162","1442.0","6.01","3.90","1.10",".315","65.6%","43.2%","10.2%","92.4","5.37","","4.83","4.82","9.2"
"2007","TEX","75","87","42","629","162","1430.0","6.14","4.20","0.98",".303","69.4%","46.5%","9.7%","91.5","4.76","","4.83","4.82","9.2"
"2008","STL","86","76","42","668","162","1454.0","5.92","3.07","1.01",".295","72.9%","45.3%","10.3%","92.4","4.20","","4.40","4.37","9.1"
"2020","MIL","29","31","14","249","60","517.1","10.68","3.29","1.17",".296","70.5%","46.6%","15.2%","93.3","4.18","","3.80","3.76","9.1"
"2003","PIT","75","87","44","619","162","1444.1","5.77","3.13","1.11",".292","70.0%","45.2%","11.8%","","4.65","","4.52","4.44","9.1"
"2015","SEA","76","86","45","671","162","1463.0","7.89","3.02","1.11",".298","72.8%","46.3%","12.5%","93.3","4.16","","4.14","3.99","9.1"
"2008","CIN","74","88","34","669","162","1442.1","7.66","3.48","1.25",".312","72.5%","42.7%","12.7%","92.2","4.55","","4.54","4.18","9.1"
"2016","ATL","68","93","39","748","161","1447.2","7.63","3.40","1.10",".293","70.2%","44.7%","11.7%","93.8","4.51","","4.32","4.48","9.0"
"2016","PIT","78","83","51","687","162","1450.2","7.64","3.31","1.12",".306","72.5%","46.9%","13.0%","94.0","4.22","","4.30","4.28","9.0"
"2001","PIT","62","100","36","572","162","1416.1","5.77","3.49","1.06",".293","66.9%","","","","5.05","","4.63","","9.0"
"2004","KCR","58","104","25","571","162","1420.1","5.62","3.28","1.32",".307","68.0%","41.0%","11.3%","","5.16","","4.92","4.90","9.0"
"2017","ATL","72","90","36","692","162","1441.1","7.86","3.65","1.20",".302","70.1%","44.5%","12.5%","93.9","4.72","","4.51","4.67","9.0"
"2002","SDP","66","96","40","622","162","1436.1","6.94","3.65","1.11",".306","70.5%","44.4%","11.8%","","4.66","","4.37","4.22","8.9"
"2020","LAD","43","17","15","309","60","538.2","8.64","2.42","1.10",".252","75.8%","46.3%","13.2%","94.4","3.02","","3.79","3.99","8.9"
"2004","SEA","63","99","28","576","162","1459.1","6.39","3.55","1.31",".286","71.5%","39.3%","11.3%","","4.76","","4.85","4.84","8.9"
"2017","MIN","85","77","42","682","162","1436.0","7.31","3.03","1.40",".296","72.5%","42.4%","13.5%","92.4","4.60","","4.71","4.75","8.9"
"2003","TEX","71","91","43","656","162","1433.1","6.34","3.79","1.31",".313","66.1%","40.9%","13.9%","","5.69","","4.90","4.54","8.9"
"2019","TOR","67","95","33","753","162","1440.1","8.32","3.77","1.42",".300","71.8%","43.1%","14.9%","93.2","4.79","","4.82","4.88","8.9"
"2022","TEX","68","94","37","694","162","1435.0","8.24","3.64","1.06",".292","71.2%","45.9%","11.9%","94.7","4.22","","4.18","4.11","8.9"
"2021","DET","77","85","42","739","162","1419.2","7.98","3.62","1.26",".289","72.6%","44.5%","13.2%","94.1","4.32","","4.60","4.65","8.8"
"2006","TBD","61","101","33","606","162","1420.1","6.20","3.84","1.14",".312","70.1%","42.5%","10.3%","","4.97","","4.83","4.91","8.8"
"2002","BAL","67","95","31","569","162","1450.2","6.00","3.41","1.29",".286","73.3%","45.5%","13.2%","","4.46","","4.74","4.38","8.8"
"2003","COL","74","88","34","662","162","1420.0","5.49","3.50","1.27",".307","69.2%","43.7%","12.9%","","5.24","","4.99","4.74","8.8"
"2015","SFG","84","78","41","719","162","1444.1","7.26","2.69","0.97",".283","74.5%","46.0%","10.8%","92.3","3.73","","3.91","3.98","8.8"
"2000","HOU","72","90","30","572","162","1437.2","6.66","3.74","1.46",".303","68.0%","","","","5.42","","5.14","","8.7"
"2018","CIN","67","95","38","706","162","1441.0","7.86","3.32","1.42",".300","71.5%","44.4%","15.8%","94.0","4.65","","4.68","4.28","8.7"
"2017","NYM","70","92","34","730","162","1434.2","8.62","3.72","1.38",".319","70.4%","44.4%","14.9%","93.6","5.01","","4.59","4.42","8.7"
"2022","CHC","74","88","44","690","162","1443.2","8.62","3.37","1.29",".287","73.5%","43.1%","13.5%","92.8","4.03","","4.33","4.04","8.7"
"2019","PIT","69","93","31","712","162","1440.0","9.02","3.65","1.51",".315","68.9%","42.2%","15.7%","93.7","5.19","","4.78","4.72","8.7"
"2016","SDP","68","94","35","672","162","1440.0","7.64","3.56","1.14",".296","71.3%","46.4%","12.6%","92.7","4.44","","4.40","4.42","8.6"
"2017","BAL","75","87","35","654","162","1441.0","7.70","3.62","1.51",".302","72.2%","44.6%","15.4%","93.3","4.97","","4.96","4.72","8.6"
"2011","PIT","72","90","43","711","162","1449.1","6.40","3.32","0.94",".300","73.7%","45.6%","9.8%","93.2","4.05","","4.20","4.18","8.5"
"2019","PHI","81","81","36","726","162","1453.2","8.62","3.38","1.60",".298","74.7%","43.1%","17.9%","93.0","4.53","","4.88","4.55","8.5"
"2018","TOR","73","89","39","752","162","1433.2","8.15","3.46","1.31",".306","70.0%","42.5%","12.7%","91.9","4.85","","4.53","4.54","8.5"
"2013","ARI","81","81","38","689","162","1495.0","7.33","2.92","1.06",".292","74.5%","46.0%","12.2%","92.3","3.92","","4.04","3.83","8.5"
"2013","SDP","76","86","40","650","162","1455.0","7.24","3.25","0.96",".292","72.5%","45.8%","10.8%","92.3","3.98","","4.00","3.96","8.4"
"2007","FLA","71","91","40","722","162","1443.2","7.12","4.12","1.10",".321","69.4%","41.7%","10.2%","91.3","4.96","","4.77","4.69","8.3"
"2008","DET","74","88","34","602","162","1445.0","6.17","4.01","1.07",".302","69.4%","42.0%","9.7%","92.5","4.91","","4.79","4.86","8.3"
"2020","SDP","37","23","13","278","60","520.1","9.77","2.94","1.21",".290","74.0%","42.5%","14.1%","95.2","3.87","","3.88","3.97","8.3"
"2019","SFG","77","85","41","749","162","1469.0","8.38","3.18","1.39",".286","72.6%","42.2%","15.1%","92.9","4.38","","4.55","4.58","8.3"
"2015","COL","68","94","36","746","162","1426.1","7.02","3.65","1.15",".318","69.9%","47.7%","13.2%","93.3","5.04","","4.56","4.33","8.3"
"2003","NYM","66","95","38","573","161","1413.1","5.78","3.67","1.07",".295","72.4%","42.1%","10.1%","","4.50","","4.61","4.78","8.3"
"2014","PIT","88","74","48","614","162","1456.1","7.59","3.08","0.79",".290","74.2%","50.5%","10.3%","94.4","3.49","","3.80","3.71","8.2"
"2014","ARI","64","98","35","650","162","1444.1","7.96","2.92","0.96",".312","70.3%","46.1%","11.1%","92.6","4.26","","3.83","3.63","8.2"
"2009","CIN","78","84","41","640","162","1458.1","6.60","3.56","1.16",".283","74.4%","42.1%","10.9%","91.7","4.18","","4.63","4.50","8.2"
"2001","SDP","79","83","46","584","162","1440.2","6.80","2.97","1.37",".293","71.0%","","","","4.52","","4.62","","8.1"
"2000","CHC","65","97","39","583","162","1454.2","7.07","4.07","1.43",".292","69.5%","","","","5.26","","5.11","","8.1"
"2016","LAA","74","88","29","689","162","1421.1","7.19","3.15","1.32",".301","75.0%","40.8%","12.5%","92.0","4.28","","4.62","4.66","8.0"
"2008","ATL","72","90","26","707","162","1440.2","6.72","3.66","0.97",".293","69.7%","48.3%","11.4%","90.8","4.47","","4.35","4.20","8.0"
"2017","SDP","71","91","45","679","162","1430.2","8.34","3.49","1.42",".299","71.1%","47.5%","16.4%","93.2","4.70","","4.68","4.34","7.9"
"2008","WSN","59","102","28","678","161","1434.0","6.67","3.69","1.19",".296","70.1%","42.4%","11.6%","91.2","4.66","","4.71","4.49","7.9"
"2019","KCR","59","103","37","682","162","1425.0","7.77","3.68","1.40",".311","70.2%","43.9%","14.7%","93.2","5.20","","4.90","4.98","7.9"
"2012","SDP","76","86","43","691","162","1434.2","7.56","3.38","1.02",".284","71.8%","47.5%","11.7%","92.7","4.01","","4.11","4.05","7.8"
"2021","BAL","52","110","26","731","162","1402.0","7.92","3.61","1.66",".305","66.7%","39.7%","15.1%","92.9","5.85","","5.15","4.91","7.8"
"2006","STL","83","78","38","630","161","1429.2","6.11","3.17","1.21",".288","72.5%","46.2%","12.5%","","4.54","","4.77","4.54","7.8"
"2022","ARI","74","88","33","708","162","1430.0","7.65","3.17","1.20",".282","71.2%","39.8%","11.5%","92.6","4.25","","4.33","4.32","7.7"
"2011","MIN","63","99","32","619","162","1421.2","5.95","3.04","1.02",".307","69.1%","44.0%","9.5%","92.1","4.60","","4.30","4.33","7.7"
"2001","KCR","65","97","30","558","162","1440.0","5.69","3.60","1.31",".293","69.9%","","","","4.87","","5.00","","7.6"
"2006","BAL","70","92","35","634","162","1419.0","6.44","3.89","1.37",".307","69.2%","42.3%","12.7%","","5.35","","5.09","4.80","7.6"
"2002","TEX","72","90","33","649","162","1439.2","6.44","4.18","1.21",".298","69.5%","43.2%","12.0%","","5.16","","4.84","4.64","7.6"
"2019","LAA","72","90","32","751","162","1442.2","8.76","3.59","1.67",".290","70.9%","40.4%","17.0%","93.3","5.12","","5.04","4.80","7.5"
"2002","KCR","62","100","30","583","162","1441.0","5.68","3.57","1.32",".296","69.0%","43.1%","12.6%","","5.21","","4.91","4.63","7.5"
"2020","OAK","36","24","17","241","60","515.1","8.84","2.88","1.21",".285","75.6%","41.2%","12.3%","93.1","3.77","","4.02","4.38","7.5"
"2022","KCR","65","97","33","722","162","1416.0","7.57","3.74","1.10",".312","70.3%","43.8%","11.2%","93.9","4.72","","4.42","4.44","7.5"
"2010","MIL","77","85","35","657","162","1439.0","7.87","3.64","1.08",".308","70.0%","41.8%","10.3%","91.1","4.59","","4.21","4.07","7.4"
"2003","STL","85","77","41","622","162","1463.2","5.96","3.12","1.29",".289","72.5%","41.1%","12.2%","","4.62","","4.75","4.60","7.3"
"2004","COL","68","94","36","635","162","1435.1","5.94","4.37","1.24",".311","69.6%","45.3%","12.3%","","5.54","","5.13","4.97","7.2"
"2014","COL","66","96","24","709","162","1431.0","6.75","3.34","1.09",".307","69.2%","47.7%","12.7%","92.9","4.86","","4.43","4.04","7.2"
"2004","TBD","70","91","35","562","161","1417.0","5.86","3.68","1.22",".283","69.2%","40.9%","10.7%","","4.82","","4.93","5.02","7.2"
"2005","PIT","67","95","35","613","162","1436.0","6.00","3.84","1.02",".290","71.6%","43.9%","10.3%","","4.44","","4.57","4.60","7.2"
"2002","PIT","72","89","47","619","161","1412.2","5.86","3.64","1.04",".290","72.8%","47.8%","12.0%","","4.24","","4.49","4.33","7.1"
"2013","SFG","76","86","41","686","162","1447.1","7.81","3.24","0.90",".295","72.1%","42.1%","9.9%","91.3","4.00","","3.80","3.89","7.1"
"2018","BAL","47","115","28","652","162","1431.0","7.57","3.70","1.47",".310","70.0%","41.9%","14.4%","93.0","5.19","","4.98","4.73","7.1"
"2020","TBR","40","20","23","279","60","527.2","9.42","2.87","1.19",".291","77.2%","45.1%","14.9%","94.2","3.56","","3.94","3.94","7.1"
"2005","CIN","73","89","31","654","163","1433.0","6.00","3.09","1.38",".309","69.7%","41.3%","12.3%","","5.18","","4.87","4.60","7.0"
"2015","ATL","67","95","44","694","162","1425.1","7.25","3.47","1.07",".305","71.4%","43.4%","11.3%","93.6","4.41","","4.34","4.36","7.0"
"2019","BAL","54","108","27","695","162","1443.0","7.78","3.50","1.90",".295","68.5%","40.5%","17.4%","92.4","5.67","","5.56","5.23","6.9"
"2012","TOR","73","89","29","657","162","1443.2","7.12","3.58","1.27",".291","72.0%","46.5%","14.1%","92.2","4.64","","4.66","4.30","6.9"
"2021","MIN","73","89","42","691","162","1419.1","8.35","3.07","1.52",".290","68.9%","41.0%","15.0%","92.2","4.83","","4.66","4.44","6.8"
"2021","WSN","65","97","36","731","162","1394.1","8.69","3.54","1.59",".289","71.0%","41.0%","16.0%","93.3","4.82","","4.87","4.53","6.8"
"2009","BAL","64","98","31","646","162","1429.0","5.88","3.44","1.37",".307","70.3%","41.7%","11.6%","92.1","5.16","","5.03","4.78","6.8"
"2003","MIL","68","94","44","622","162","1452.0","6.41","3.56","1.36",".300","70.5%","40.9%","12.5%","","5.03","","4.88","4.68","6.8"
"2001","MIL","68","94","28","651","162","1436.1","6.62","4.18","1.23",".289","72.3%","","","","4.65","","4.90","","6.7"
"2018","KCR","58","104","33","645","162","1432.0","7.27","3.45","1.29",".309","70.6%","43.1%","13.0%","93.0","4.95","","4.66","4.63","6.7"
"2000","KCR","77","85","29","491","162","1439.1","5.80","4.33","1.49",".296","70.0%","","","","5.48","","5.54","","6.7"
"2001","DET","66","96","34","553","162","1429.1","5.41","3.48","1.13",".307","68.8%","","","","5.01","","4.80","","6.7"
"2003","CIN","69","93","38","637","162","1446.1","5.80","3.67","1.30",".295","69.1%","42.6%","12.9%","","5.09","","4.94","4.70","6.6"
"2020","CHW","35","25","13","284","60","527.0","8.93","3.71","1.21",".269","75.1%","44.2%","14.5%","94.5","3.81","","4.32","4.36","6.6"
"2002","COL","73","89","43","668","162","1426.2","5.80","3.67","1.42",".292","69.1%","43.6%","13.9%","","5.21","","5.08","4.61","6.5"
"2001","TBD","62","100","30","532","162","1423.2","6.51","3.60","1.31",".296","68.0%","","","","4.96","","4.85","","6.5"
"2020","BAL","25","35","11","267","60","518.2","8.45","3.33","1.37",".282","69.7%","42.6%","14.6%","92.8","4.51","","4.60","4.63","6.5"
"2020","CHC","34","26","16","248","60","518.1","9.08","3.16","1.28",".278","75.0%","45.0%","16.0%","92.8","3.99","","4.18","4.04","6.5"
"2012","BOS","69","93","35","651","162","1443.0","7.33","3.30","1.19",".296","69.6%","46.4%","13.2%","93.3","4.72","","4.41","4.16","6.4"
"2010","PIT","57","105","31","679","162","1411.2","6.54","3.43","1.06",".311","67.4%","44.0%","10.0%","92.5","5.00","","4.45","4.35","6.4"
"2020","HOU","29","31","16","253","60","524.0","9.03","3.73","1.20",".288","71.5%","44.2%","14.0%","92.9","4.31","","4.33","4.43","6.3"
"2011","CIN","79","83","39","663","162","1467.2","6.82","3.31","1.13",".282","73.7%","44.8%","11.5%","92.6","4.16","","4.37","4.11","6.2"
"2005","KCR","56","106","25","605","162","1413.1","5.88","3.69","1.13",".317","66.5%","44.4%","10.7%","","5.56","","4.74","4.72","6.1"
"2019","COL","71","91","28","752","162","1448.2","7.85","3.66","1.68",".308","68.5%","46.1%","19.0%","94.1","5.58","","5.23","4.75","6.0"
"2012","MIN","66","96","35","661","162","1438.2","5.90","2.91","1.24",".294","68.8%","45.7%","12.7%","91.8","4.77","","4.66","4.46","5.9"
"2020","PHI","28","32","11","249","60","497.0","9.63","3.35","1.45",".343","69.4%","46.6%","18.6%","94.1","5.20","","4.43","4.00","5.8"
"2019","MIA","57","105","27","701","162","1444.1","8.59","3.83","1.47",".281","72.1%","38.3%","14.2%","93.5","4.74","","4.89","5.06","5.8"
"2001","TEX","73","89","37","572","162","1438.1","5.95","3.73","1.39",".312","67.4%","","","","5.71","","5.11","","5.8"
"2021","PIT","61","101","25","745","162","1396.1","8.46","3.91","1.37",".302","70.1%","40.9%","13.8%","93.4","5.08","","4.74","4.70","5.7"
"2020","NYY","33","27","14","234","60","500.2","9.49","3.02","1.49",".280","71.1%","42.9%","16.0%","94.4","4.35","","4.39","4.24","5.6"
"2011","HOU","56","106","25","665","162","1435.0","7.47","3.51","1.18",".301","70.8%","43.2%","12.0%","92.1","4.51","","4.35","4.02","5.6"
"2004","CIN","76","86","47","659","162","1443.2","6.18","3.57","1.47",".296","69.5%","42.5%","13.7%","","5.21","","5.10","4.71","5.6"
"2017","MIA","77","85","34","742","162","1442.2","7.50","3.91","1.20",".298","70.7%","42.5%","12.2%","92.8","4.82","","4.69","4.90","5.5"
"2019","SEA","68","94","34","700","162","1439.1","7.75","3.16","1.63",".291","68.4%","43.4%","16.4%","92.1","5.00","","5.00","4.85","5.4"
"2020","LAA","26","34","12","288","60","525.1","8.96","3.41","1.40",".287","65.5%","39.4%","14.0%","92.7","5.09","","4.49","4.60","5.4"
"2021","TEX","60","102","31","669","162","1424.1","7.83","3.24","1.47",".288","70.3%","42.4%","14.9%","93.6","4.80","","4.76","4.57","5.4"
"2017","CIN","68","94","33","666","162","1430.0","8.18","3.97","1.56",".296","71.1%","44.6%","16.8%","93.5","5.17","","5.08","4.66","5.3"
"2013","MIL","74","88","40","663","162","1442.2","7.02","2.91","1.09",".286","73.5%","44.4%","11.9%","93.2","3.84","","4.12","3.94","5.3"
"2009","MIL","80","82","44","674","162","1435.0","6.92","3.81","1.30",".295","71.9%","42.6%","12.0%","90.9","4.84","","4.84","4.54","5.2"
"2020","NYM","26","34","11","257","60","513.1","10.06","3.84","1.42",".316","69.9%","41.7%","15.8%","94.6","5.01","","4.46","4.33","5.0"
"2005","TBD","67","95","43","563","162","1421.2","6.01","3.89","1.23",".302","66.4%","39.3%","10.6%","","5.40","","4.89","4.90","4.9"
"2009","WSN","59","103","33","694","162","1424.1","5.76","3.97","1.09",".296","67.9%","44.4%","10.3%","91.2","5.02","","4.82","4.80","4.9"
"2011","BAL","69","93","32","640","162","1446.2","6.49","3.33","1.31",".302","69.5%","43.1%","12.1%","92.1","4.92","","4.67","4.29","4.9"
"2000","ANA","82","80","46","603","162","1448.0","5.26","4.11","1.42",".282","71.3%","","","","5.02","","5.46","","4.9"
"2002","MIL","56","106","32","608","162","1432.1","6.45","4.18","1.25",".289","71.7%","42.1%","12.4%","","4.76","","4.86","4.62","4.8"
"2006","WSN","71","91","32","679","162","1436.1","6.02","3.66","1.21",".292","69.0%","39.6%","10.2%","","5.03","","4.97","5.08","4.6"
"2012","CHC","61","101","28","655","162","1413.2","7.18","3.65","1.11",".291","71.3%","43.2%","11.8%","92.5","4.51","","4.46","4.39","4.4"
"2007","WSN","73","89","46","750","162","1446.2","5.79","3.61","1.16",".286","72.0%","39.7%","9.6%","89.7","4.58","","4.92","4.93","4.4"
"2017","CHW","67","95","25","682","162","1421.2","7.55","4.00","1.53",".281","72.4%","41.9%","14.7%","93.2","4.78","","5.17","5.01","4.4"
"2020","KCR","26","34","19","292","60","517.0","9.00","3.67","1.32",".303","73.9%","44.4%","15.0%","93.9","4.30","","4.50","4.47","4.1"
"2020","ATL","35","25","13","288","60","524.1","8.69","3.78","1.18",".294","70.6%","43.7%","13.2%","92.8","4.46","","4.42","4.63","4.0"
"2020","TOR","32","28","17","286","60","524.2","8.90","4.29","1.39",".302","70.3%","43.1%","14.9%","92.9","4.63","","4.73","4.72","4.0"
"2003","SDP","64","98","31","635","162","1431.1","6.86","3.84","1.31",".289","70.7%","43.9%","13.7%","","4.87","","4.81","4.47","3.9"
"2020","SFG","29","31","13","296","60","517.2","8.48","3.65","1.20",".281","67.8%","38.8%","12.1%","93.1","4.64","","4.45","4.84","3.8"
"2021","CHC","71","91","40","761","162","1412.2","8.65","3.80","1.50",".294","70.9%","44.8%","17.2%","93.0","4.88","","4.88","4.43","3.8"
"2020","STL","30","28","13","234","58","473.0","8.83","3.88","1.31",".250","74.0%","44.4%","15.4%","93.3","3.92","","4.58","4.52","3.7"
"2022","OAK","60","102","34","692","162","1426.1","7.59","3.17","1.23",".289","70.7%","41.4%","11.5%","92.9","4.54","","4.41","4.39","3.6"
"2020","COL","26","34","16","249","60","526.1","6.72","3.51","1.42",".307","66.5%","44.5%","15.0%","94.3","5.59","","5.14","5.13","3.5"
"2008","BAL","68","93","35","653","161","1422.0","5.84","4.35","1.16",".298","70.1%","44.6%","10.7%","91.7","5.15","","5.14","5.05","3.4"
"2021","ARI","52","110","22","727","162","1417.1","7.86","3.52","1.47",".299","68.2%","40.2%","13.8%","92.2","5.15","","4.88","4.85","3.3"
"2020","SEA","27","33","15","249","60","516.2","8.17","4.01","1.38",".281","69.9%","40.3%","13.5%","92.3","5.03","","4.91","5.11","3.2"
"2003","TBD","63","99","30","534","162","1436.2","5.49","4.00","1.23",".278","69.8%","40.1%","11.1%","","4.93","","5.12","5.13","3.1"
"2020","WSN","26","34","12","262","60","503.2","9.08","3.86","1.68",".317","74.1%","37.9%","16.3%","92.8","5.09","","5.02","4.80","2.9"
"2020","TEX","22","38","10","264","60","516.2","8.52","4.11","1.41",".277","68.6%","40.6%","14.0%","93.2","5.02","","4.88","5.00","2.9"
"2020","PIT","19","41","6","269","60","513.0","9.40","4.37","1.40",".280","70.2%","43.4%","16.2%","93.2","4.68","","4.80","4.63","2.9"
"2003","DET","43","119","27","613","162","1438.2","4.78","3.48","1.22",".296","66.5%","42.5%","11.6%","","5.32","","5.01","4.95","2.9"
"2002","TBD","55","106","25","467","161","1440.1","5.78","3.87","1.34",".296","68.8%","38.6%","11.7%","","5.29","","5.11","4.95","2.7"
"2010","ARI","65","97","35","616","162","1432.0","6.72","3.44","1.32",".296","70.1%","41.8%","12.0%","91.5","4.81","","4.76","4.35","2.7"
"2020","MIA","31","29","18","275","60","504.0","8.05","4.04","1.46",".297","70.6%","45.2%","15.7%","92.5","4.86","","5.02","4.90","2.4"
"2018","MIA","63","98","30","707","161","1442.0","7.80","3.78","1.20",".290","69.9%","40.9%","12.1%","92.9","4.76","","4.57","4.65","2.4"
"2013","HOU","51","111","32","610","162","1440.0","6.78","3.85","1.19",".303","70.0%","43.9%","11.8%","93.0","4.79","","4.67","4.48","2.2"
"2020","ARI","25","35","13","260","60","518.1","9.10","4.08","1.61",".294","74.0%","38.4%","15.7%","93.3","4.84","","5.00","4.87","1.1"
"2022","WSN","55","107","28","750","162","1411.2","7.78","3.56","1.56",".297","70.8%","41.5%","14.4%","93.7","5.00","","4.98","4.51","1.0"
"2016","CIN","68","94","28","646","162","1442.0","7.75","3.97","1.61",".290","72.8%","41.6%","15.9%","93.0","4.91","","5.24","4.79","1.0"
"2020","DET","23","35","11","276","58","492.1","8.12","3.51","1.66",".297","68.7%","42.2%","17.1%","93.4","5.63","","5.17","4.85","0.9"
"2006","KCR","62","100","35","635","162","1426.1","5.70","4.02","1.34",".311","67.1%","42.2%","12.1%","","5.67","","5.29","5.09","0.5"
"2020","BOS","24","36","14","292","60","524.0","9.22","4.33","1.68",".332","70.8%","42.9%","18.9%","94.0","5.58","","5.19","4.67","0.1"
